"","value","pos","class","bac"
"1",13.9327,446749.5,"dN","pSymA"
"2",0,446763,"dN","pSymA"
"3",0.6949,446787,"dN","pSymA"
"4",0.0029,447504,"dN","pSymA"
"5",0.0044,448620.5,"dN","pSymA"
"6",0.0029,449537.5,"dN","pSymA"
"7",0.0027,450252,"dN","pSymA"
"8",0.0924,450583.5,"dN","pSymA"
"9",0.0132,451474.5,"dN","pSymA"
"10",0.2845,452241,"dN","pSymA"
"11",0.0281,452822,"dN","pSymA"
"12",0.022,454174,"dN","pSymA"
"13",0.0167,519908,"dN","pSymA"
"14",0.0229,522488.5,"dN","pSymA"
"15",0.0394,524461,"dN","pSymA"
"16",23.7593,580072.5,"dN","pSymA"
"17",0.5288,580606.5,"dN","pSymA"
"18",0.4084,580738.5,"dN","pSymA"
"19",1.935,580876.5,"dN","pSymA"
"20",0.6185,580959,"dN","pSymA"
"21",7.4701,581005.5,"dN","pSymA"
"22",0.6715,581273,"dN","pSymA"
"23",18.6134,581346.5,"dN","pSymA"
"24",0.5109,581592.5,"dN","pSymA"
"25",13.0873,581701.5,"dN","pSymA"
"26",7.7888,581781,"dN","pSymA"
"27",0.6963,581950.5,"dN","pSymA"
"28",18.7673,582223.5,"dN","pSymA"
"29",6.9401,582264,"dN","pSymA"
"30",0.6998,582313.5,"dN","pSymA"
"31",79.6618,582369,"dN","pSymA"
"32",0.2405,582483,"dN","pSymA"
"33",0.0068,284986.5,"dN","pSymA"
"34",0.0051,286552.5,"dN","pSymA"
"35",0.0039,289098,"dN","pSymA"
"36",0.0254,302707.5,"dN","pSymA"
"37",0.0063,402115.5,"dN","pSymA"
"38",0.0026,403167,"dN","pSymA"
"39",0.0091,404520,"dN","pSymA"
"40",0,405746.5,"dN","pSymA"
"41",0.0022,406478,"dN","pSymA"
"42",0,407669.5,"dN","pSymA"
"43",0.004,409076,"dN","pSymA"
"44",0.002,410412,"dN","pSymA"
"45",0.0064,411615,"dN","pSymA"
"46",0,412336.5,"dN","pSymA"
"47",0.022,303599.5,"dN","pSymA"
"48",0.001,413314.5,"dN","pSymA"
"49",0.0028,415314,"dN","pSymA"
"50",0.0123,416649.5,"dN","pSymA"
"51",0.0066,417584.5,"dN","pSymA"
"52",0.0064,418990.5,"dN","pSymA"
"53",0.0075,420083,"dN","pSymA"
"54",0.0045,421198,"dN","pSymA"
"55",0.0115,422071,"dN","pSymA"
"56",0.0042,422979,"dN","pSymA"
"57",0.0038,424170,"dN","pSymA"
"58",0.0485,307166.5,"dN","pSymA"
"59",0.0225,425176,"dN","pSymA"
"60",0.0057,426134.5,"dN","pSymA"
"61",0.0152,429563.5,"dN","pSymA"
"62",0.0072,430733.5,"dN","pSymA"
"63",0.0132,432081.5,"dN","pSymA"
"64",0.0029,433205,"dN","pSymA"
"65",0.0081,434148,"dN","pSymA"
"66",0.0051,435272,"dN","pSymA"
"67",0.0039,436564.5,"dN","pSymA"
"68",0.0026,437556.5,"dN","pSymA"
"69",0.0333,308212.5,"dN","pSymA"
"70",0.004,438453.5,"dN","pSymA"
"71",0.0175,439092,"dN","pSymA"
"72",0.0158,441904.5,"dN","pSymA"
"73",0.032,443607,"dN","pSymA"
"74",0.0214,445786.5,"dN","pSymA"
"75",0.0162,308869,"dN","pSymA"
"76",0.8415,309178.5,"dN","pSymA"
"77",1.9447,309201,"dN","pSymA"
"78",0.7919,309249,"dN","pSymA"
"79",0.01,312324.5,"dN","pSymA"
"80",0.0208,313409,"dN","pSymA"
"81",0.0195,314413,"dN","pSymA"
"82",0.034,316297.5,"dN","pSymA"
"83",0.0145,289928,"dN","pSymA"
"84",0.0179,317136,"dN","pSymA"
"85",0.0031,318104,"dN","pSymA"
"86",0.0413,319120,"dN","pSymA"
"87",0.0088,320002,"dN","pSymA"
"88",0.009,321160.5,"dN","pSymA"
"89",0.0184,322020.5,"dN","pSymA"
"90",0.1106,322440,"dN","pSymA"
"91",0.0578,322821,"dN","pSymA"
"92",0.0727,323594,"dN","pSymA"
"93",0.0174,324789,"dN","pSymA"
"94",0.006,325759,"dN","pSymA"
"95",0.0245,291046.5,"dN","pSymA"
"96",0.012,326432,"dN","pSymA"
"97",0.0801,326824,"dN","pSymA"
"98",0.0157,327224.5,"dN","pSymA"
"99",0.0109,328010.5,"dN","pSymA"
"100",0.0219,328917,"dN","pSymA"
"101",0.0348,329554,"dN","pSymA"
"102",0.01,330220,"dN","pSymA"
"103",0.0396,330891.5,"dN","pSymA"
"104",0.0221,331926.5,"dN","pSymA"
"105",0.0108,332921.5,"dN","pSymA"
"106",0.0027,333927.5,"dN","pSymA"
"107",0.0176,292181.5,"dN","pSymA"
"108",0.0069,335393.5,"dN","pSymA"
"109",0.003,337059,"dN","pSymA"
"110",0.0064,338410.5,"dN","pSymA"
"111",0.0072,339291.5,"dN","pSymA"
"112",0.0013,340159,"dN","pSymA"
"113",0.0041,341094,"dN","pSymA"
"114",0.005,344316,"dN","pSymA"
"115",0,345784.5,"dN","pSymA"
"116",0.0015,346974.5,"dN","pSymA"
"117",0.0233,293574,"dN","pSymA"
"118",0,348198.5,"dN","pSymA"
"119",0,348462.5,"dN","pSymA"
"120",0,349239.5,"dN","pSymA"
"121",0.0008,350328,"dN","pSymA"
"122",0,351351.5,"dN","pSymA"
"123",0,352267.5,"dN","pSymA"
"124",0.0042,352644,"dN","pSymA"
"125",0,353480.5,"dN","pSymA"
"126",0,354132,"dN","pSymA"
"127",0,354687.5,"dN","pSymA"
"128",0.0155,355179,"dN","pSymA"
"129",0.0293,295240,"dN","pSymA"
"130",0,356599,"dN","pSymA"
"131",0.0056,358787,"dN","pSymA"
"132",0.0273,361441,"dN","pSymA"
"133",0.0077,362552,"dN","pSymA"
"134",0.002,363218.5,"dN","pSymA"
"135",0.0074,364635.5,"dN","pSymA"
"136",0.012,366453,"dN","pSymA"
"137",0.0109,367935.5,"dN","pSymA"
"138",0.001,369305,"dN","pSymA"
"139",0.0215,300103.5,"dN","pSymA"
"140",0.0048,370253.5,"dN","pSymA"
"141",0.0012,371104,"dN","pSymA"
"142",0.002,372072,"dN","pSymA"
"143",0.0022,373439,"dN","pSymA"
"144",0,374191,"dN","pSymA"
"145",0.008,374623,"dN","pSymA"
"146",0.011,375237,"dN","pSymA"
"147",0.0214,375642,"dN","pSymA"
"148",0.0199,376237.5,"dN","pSymA"
"149",0.016,377265,"dN","pSymA"
"150",0.0014,378252,"dN","pSymA"
"151",0.0631,300931.5,"dN","pSymA"
"152",0.0087,379599.5,"dN","pSymA"
"153",0.0134,380144,"dN","pSymA"
"154",0.0132,381840,"dN","pSymA"
"155",0.0206,382333.5,"dN","pSymA"
"156",0.0066,383190,"dN","pSymA"
"157",0,383925.5,"dN","pSymA"
"158",0.0046,385062.5,"dN","pSymA"
"159",0.0027,386444.5,"dN","pSymA"
"160",0.0063,387568.5,"dN","pSymA"
"161",0.0166,388193.5,"dN","pSymA"
"162",0.0109,389380,"dN","pSymA"
"163",0.0084,389811,"dN","pSymA"
"164",0.0142,301708.5,"dN","pSymA"
"165",0.0028,390725,"dN","pSymA"
"166",0.0039,391667.5,"dN","pSymA"
"167",0.0027,392614.5,"dN","pSymA"
"168",0.0115,393812,"dN","pSymA"
"169",0,395115,"dN","pSymA"
"170",0.0021,396517.5,"dN","pSymA"
"171",0.0039,397505,"dN","pSymA"
"172",0.0056,399304,"dN","pSymA"
"173",0.0075,400413,"dN","pSymA"
"174",0.0051,401242,"dN","pSymA"
"175",0.0688,85394.5,"dN","pSymA"
"176",0.0169,82547,"dN","pSymA"
"177",0.0155,59879,"dN","pSymA"
"178",0.0251,57656.5,"dN","pSymA"
"179",0.0382,57332.5,"dN","pSymA"
"180",0.0201,55619.5,"dN","pSymA"
"181",0.0034,54047.5,"dN","pSymA"
"182",0.0131,53268,"dN","pSymA"
"183",0.0196,52015,"dN","pSymA"
"184",0.0238,50671,"dN","pSymA"
"185",0.0562,49928.5,"dN","pSymA"
"186",0.0197,48620,"dN","pSymA"
"187",0.0319,46732.5,"dN","pSymA"
"188",0.0175,30385.5,"dN","pSymA"
"189",0.0064,29934,"dN","pSymA"
"190",0,29817,"dN","pSymA"
"191",0.0058,77597,"dN","pSymA"
"192",0.0257,29355,"dN","pSymA"
"193",0.0431,28154.5,"dN","pSymA"
"194",0.0502,27640,"dN","pSymA"
"195",0.0164,26613.5,"dN","pSymA"
"196",0.0245,25818,"dN","pSymA"
"197",0.014,24242,"dN","pSymA"
"198",0.0217,22389.5,"dN","pSymA"
"199",0.0134,19972.5,"dN","pSymA"
"200",0.0092,19624.5,"dN","pSymA"
"201",0.0013,17744,"dN","pSymA"
"202",0.0282,16515,"dN","pSymA"
"203",0.007,76794,"dN","pSymA"
"204",0.016,15067,"dN","pSymA"
"205",0.0129,13783.5,"dN","pSymA"
"206",0.0013,12790,"dN","pSymA"
"207",0.0037,11650,"dN","pSymA"
"208",0.0064,10585.5,"dN","pSymA"
"209",0.0158,8394.5,"dN","pSymA"
"210",0.0094,6627.5,"dN","pSymA"
"211",0.0227,4813,"dN","pSymA"
"212",0.0305,4100,"dN","pSymA"
"213",0.3565,3282,"dN","pSymA"
"214",0.0342,2500.5,"dN","pSymA"
"215",0,1711.5,"dN","pSymA"
"216",0.0046,76040,"dN","pSymA"
"217",0.0538,1258,"dN","pSymA"
"218",0.0267,513,"dN","pSymA"
"219",0.0412,602.5,"dN","pSymA"
"220",0.0011,2934.5,"dN","pSymA"
"221",0.016,74966,"dN","pSymA"
"222",0.0141,73144,"dN","pSymA"
"223",0.0035,69707,"dN","pSymA"
"224",0.0064,67386,"dN","pSymA"
"225",0.0104,65990.5,"dN","pSymA"
"226",0,541695,"dN","pSymA"
"227",0,542094.5,"dN","pSymA"
"228",0.0114,544682.5,"dN","pSymA"
"229",0.0433,776137,"dN","pSymA"
"230",0.016,778886.5,"dN","pSymA"
"231",0.0177,792575.5,"dN","pSymA"
"232",0.0165,797360.5,"dN","pSymA"
"233",0.1221,798436.5,"dN","pSymA"
"234",0.0336,798695.5,"dN","pSymA"
"235",0.008,804472.5,"dN","pSymA"
"236",0.0108,805512,"dN","pSymA"
"237",0.0357,780785.5,"dN","pSymA"
"238",0.0137,782474.5,"dN","pSymA"
"239",0.0161,784919.5,"dN","pSymA"
"240",0.0159,786127.5,"dN","pSymA"
"241",0.0213,787036,"dN","pSymA"
"242",0.0246,788890,"dN","pSymA"
"243",0.0397,790082,"dN","pSymA"
"244",0.0419,790527.5,"dN","pSymA"
"245",0.0171,791282.5,"dN","pSymA"
"246",0.0853,640138,"dN","pSymA"
"247",0.1,657677.5,"dN","pSymA"
"248",0.0208,807482.5,"dN","pSymA"
"249",0.0237,808683.5,"dN","pSymA"
"250",0,808989.5,"dN","pSymA"
"251",0.7968,823499,"dN","pSymA"
"252",1.503,823542.5,"dN","pSymA"
"253",0.5695,823649,"dN","pSymA"
"254",22.5029,823320.5,"dN","pSymA"
"255",0.6736,823431.5,"dN","pSymA"
"256",0.6842,823463,"dN","pSymA"
"257",0.0262,810606.5,"dN","pSymA"
"258",0.055,811643.5,"dN","pSymA"
"259",0.0823,812000.5,"dN","pSymA"
"260",1.6,813196.5,"dN","pSymA"
"261",1.5755,813931.5,"dN","pSymA"
"262",0.505,813988.5,"dN","pSymA"
"263",0.5526,814132.5,"dN","pSymA"
"264",2.5094,814153.5,"dN","pSymA"
"265",1.0577,813261,"dN","pSymA"
"266",1.7651,813403.5,"dN","pSymA"
"267",23.0666,813502.5,"dN","pSymA"
"268",0.7238,813562.5,"dN","pSymA"
"269",2.8225,813628.5,"dN","pSymA"
"270",1.8914,813804,"dN","pSymA"
"271",0.7214,813862.5,"dN","pSymA"
"272",0.5724,813879,"dN","pSymA"
"273",0.8199,814231.5,"dN","pSymA"
"274",0.8181,814647,"dN","pSymA"
"275",0.3688,814669.5,"dN","pSymA"
"276",0.8331,814749,"dN","pSymA"
"277",3.491,814846.5,"dN","pSymA"
"278",1.696,814899,"dN","pSymA"
"279",21.2922,814942.5,"dN","pSymA"
"280",1.4859,814255.5,"dN","pSymA"
"281",0.6206,814306.5,"dN","pSymA"
"282",3.8001,814329,"dN","pSymA"
"283",0.6308,814354.5,"dN","pSymA"
"284",1.7421,814405.5,"dN","pSymA"
"285",1.2095,814489.5,"dN","pSymA"
"286",1.2303,814563,"dN","pSymA"
"287",0.609,814606.5,"dN","pSymA"
"288",4.3092,815075.5,"dN","pSymA"
"289",15.4539,815632,"dN","pSymA"
"290",6.2125,815653,"dN","pSymA"
"291",17.6287,815695,"dN","pSymA"
"292",0.8717,815800,"dN","pSymA"
"293",16.7438,815816.5,"dN","pSymA"
"294",1.0633,815828.5,"dN","pSymA"
"295",48.9493,815939.5,"dN","pSymA"
"296",17.8508,815168.5,"dN","pSymA"
"297",4.2674,815194,"dN","pSymA"
"298",0.5037,815267.5,"dN","pSymA"
"299",1.124,815333.5,"dN","pSymA"
"300",1.9147,815374,"dN","pSymA"
"301",2.4,815510.5,"dN","pSymA"
"302",17.9706,815584,"dN","pSymA"
"303",15.1766,816018,"dN","pSymA"
"304",10.4573,816574.5,"dN","pSymA"
"305",27.2954,816598.5,"dN","pSymA"
"306",18.4849,816744,"dN","pSymA"
"307",0.6162,816880.5,"dN","pSymA"
"308",5.9592,816108,"dN","pSymA"
"309",3.0703,816141,"dN","pSymA"
"310",12.4785,816169.5,"dN","pSymA"
"311",0.9434,816279,"dN","pSymA"
"312",0.7726,816361.5,"dN","pSymA"
"313",6.208,816442.5,"dN","pSymA"
"314",0.85,816507,"dN","pSymA"
"315",17.5526,816544.5,"dN","pSymA"
"316",0.0419,829986,"dN","pSymA"
"317",0.008,831266.5,"dN","pSymA"
"318",1.7652,833803.5,"dN","pSymA"
"319",1.1563,833833.5,"dN","pSymA"
"320",11.8142,833970,"dN","pSymA"
"321",0.6854,833997,"dN","pSymA"
"322",12.2778,834024,"dN","pSymA"
"323",0.3093,853358,"dN","pSymA"
"324",0,853398.5,"dN","pSymA"
"325",1.9787,854321,"dN","pSymA"
"326",7.4264,854564,"dN","pSymA"
"327",0.5474,854630,"dN","pSymA"
"328",2.1209,854880.5,"dN","pSymA"
"329",0.0002,855267.5,"dN","pSymA"
"330",0.2573,856190.5,"dN","pSymA"
"331",0.5655,856394.5,"dN","pSymA"
"332",0.0208,946031.5,"dN","pSymA"
"333",0.0031,562086.5,"dN","pSymA"
"334",0,561219,"dN","pSymA"
"335",0.0031,559964,"dN","pSymA"
"336",0.0014,558676.5,"dN","pSymA"
"337",0.0041,557751,"dN","pSymA"
"338",0.0016,556462,"dN","pSymA"
"339",0.0014,555180.5,"dN","pSymA"
"340",0,554291,"dN","pSymA"
"341",0,553215,"dN","pSymA"
"342",0.0041,551951.5,"dN","pSymA"
"343",0.0349,947221.5,"dN","pSymA"
"344",0.6717,948345,"dN","pSymA"
"345",0.1115,948367.5,"dN","pSymA"
"346",0.0099,550211,"dN","pSymA"
"347",0.0051,549207.5,"dN","pSymA"
"348",0.0042,548224,"dN","pSymA"
"349",0.0102,546964.5,"dN","pSymA"
"350",0.0167,546166,"dN","pSymA"
"351",0.0034,545099,"dN","pSymA"
"352",0.0014,543968,"dN","pSymA"
"353",0.0034,543124.5,"dN","pSymA"
"354",0.0045,542189.5,"dN","pSymA"
"355",0.121,948612.5,"dN","pSymA"
"356",0,948860,"dN","pSymA"
"357",0,948872,"dN","pSymA"
"358",0,541301,"dN","pSymA"
"359",0.0103,540483.5,"dN","pSymA"
"360",0.0048,539488.5,"dN","pSymA"
"361",0.0039,538268,"dN","pSymA"
"362",0.0016,536978.5,"dN","pSymA"
"363",0.0014,535542.5,"dN","pSymA"
"364",0.0036,533653,"dN","pSymA"
"365",0.0075,532210,"dN","pSymA"
"366",0.0212,530993,"dN","pSymA"
"367",0.0194,530336,"dN","pSymA"
"368",0.0121,949666,"dN","pSymA"
"369",0.0113,529030.5,"dN","pSymA"
"370",0.012,527671,"dN","pSymA"
"371",0.0058,526826.5,"dN","pSymA"
"372",0.0049,524853,"dN","pSymA"
"373",0.0021,523771.5,"dN","pSymA"
"374",0.0122,522554,"dN","pSymA"
"375",0.0014,521193.5,"dN","pSymA"
"376",0.0074,520268,"dN","pSymA"
"377",0.0033,519218,"dN","pSymA"
"378",0.0044,518232,"dN","pSymA"
"379",0.0141,951101.5,"dN","pSymA"
"380",0,951541,"dN","pSymA"
"381",0.0017,516853.5,"dN","pSymA"
"382",0.0013,515529.5,"dN","pSymA"
"383",0.0014,514555.5,"dN","pSymA"
"384",0,513955.5,"dN","pSymA"
"385",0.0041,513013,"dN","pSymA"
"386",0.0051,512200,"dN","pSymA"
"387",0.0086,511620,"dN","pSymA"
"388",0.018,510459,"dN","pSymA"
"389",0.0073,509178,"dN","pSymA"
"390",0.005,508088.5,"dN","pSymA"
"391",0,507199,"dN","pSymA"
"392",0,951628,"dN","pSymA"
"393",0.001,506320,"dN","pSymA"
"394",0,505425,"dN","pSymA"
"395",0,504904,"dN","pSymA"
"396",0,504470,"dN","pSymA"
"397",0.0045,503362.5,"dN","pSymA"
"398",0.0052,501902.5,"dN","pSymA"
"399",0.0089,500299,"dN","pSymA"
"400",0.0027,498406,"dN","pSymA"
"401",0,497539.5,"dN","pSymA"
"402",0.0084,952082.5,"dN","pSymA"
"403",0.0026,497135.5,"dN","pSymA"
"404",0.0021,496256.5,"dN","pSymA"
"405",0.0085,494171.5,"dN","pSymA"
"406",0.002,492031.5,"dN","pSymA"
"407",0.0184,490858.5,"dN","pSymA"
"408",0.0095,489875.5,"dN","pSymA"
"409",0.0049,488707.5,"dN","pSymA"
"410",0.0073,486834.5,"dN","pSymA"
"411",0.0062,485237,"dN","pSymA"
"412",0.0013,484167.5,"dN","pSymA"
"413",0.009,953271.5,"dN","pSymA"
"414",0.0037,483174.5,"dN","pSymA"
"415",0.0026,481930,"dN","pSymA"
"416",0,481023,"dN","pSymA"
"417",0.0063,480383.5,"dN","pSymA"
"418",0.0071,479330,"dN","pSymA"
"419",0,478454,"dN","pSymA"
"420",0.0106,478008.5,"dN","pSymA"
"421",0.0112,477314,"dN","pSymA"
"422",0.013,476150.5,"dN","pSymA"
"423",0.0132,475134,"dN","pSymA"
"424",0.0053,474137.5,"dN","pSymA"
"425",0.0114,954623.5,"dN","pSymA"
"426",0.009,472350.5,"dN","pSymA"
"427",0.006,469914.5,"dN","pSymA"
"428",0.0147,468951,"dN","pSymA"
"429",0.0053,468223.5,"dN","pSymA"
"430",0.0025,464154,"dN","pSymA"
"431",0,458716,"dN","pSymA"
"432",0.0009,457353.5,"dN","pSymA"
"433",0.0016,455691.5,"dN","pSymA"
"434",0.0015,444560.5,"dN","pSymA"
"435",0.011,955249.5,"dN","pSymA"
"436",0,441539.5,"dN","pSymA"
"437",0,439649.5,"dN","pSymA"
"438",0,436138.5,"dN","pSymA"
"439",0.0022,435330,"dN","pSymA"
"440",0.0019,433893,"dN","pSymA"
"441",0,432126,"dN","pSymA"
"442",0.0102,431120.5,"dN","pSymA"
"443",0.003,430174.5,"dN","pSymA"
"444",0.0061,429254.5,"dN","pSymA"
"445",0.0033,427990.5,"dN","pSymA"
"446",0.0109,426543.5,"dN","pSymA"
"447",0.0036,425785.5,"dN","pSymA"
"448",0.006,425034,"dN","pSymA"
"449",0.0092,422838,"dN","pSymA"
"450",0.0021,676924.5,"dN","pSymA"
"451",0.0027,675848,"dN","pSymA"
"452",0.0035,673630.5,"dN","pSymA"
"453",0.006,673075.5,"dN","pSymA"
"454",0.0069,671548,"dN","pSymA"
"455",0.063,670158,"dN","pSymA"
"456",0.0722,669791,"dN","pSymA"
"457",0.052,669442,"dN","pSymA"
"458",0.0129,640641.5,"dN","pSymA"
"459",3.1534,929140,"dN","pSymA"
"460",0.4738,929326,"dN","pSymA"
"461",6.2701,929587,"dN","pSymA"
"462",0.0103,639688,"dN","pSymA"
"463",0.0042,638268.5,"dN","pSymA"
"464",0.0147,637177,"dN","pSymA"
"465",0.0074,636155.5,"dN","pSymA"
"466",0.004,635390,"dN","pSymA"
"467",0.0484,634897,"dN","pSymA"
"468",0.0525,634269.5,"dN","pSymA"
"469",0.0305,633217,"dN","pSymA"
"470",0.0085,631682,"dN","pSymA"
"471",0.0154,630313,"dN","pSymA"
"472",0.0127,630004.5,"dN","pSymA"
"473",0,629804.5,"dN","pSymA"
"474",0.0167,629465.5,"dN","pSymA"
"475",0.0073,628381,"dN","pSymA"
"476",0,627287.5,"dN","pSymA"
"477",0.0079,626490,"dN","pSymA"
"478",0.0023,624778.5,"dN","pSymA"
"479",0.0115,622885.5,"dN","pSymA"
"480",0.0098,622053.5,"dN","pSymA"
"481",0.0092,621396,"dN","pSymA"
"482",0.0045,620365,"dN","pSymA"
"483",0,939488.5,"dN","pSymA"
"484",0.0044,619340.5,"dN","pSymA"
"485",0.0019,618010.5,"dN","pSymA"
"486",0.0029,616761.5,"dN","pSymA"
"487",0.0014,615830.5,"dN","pSymA"
"488",0.0035,614595,"dN","pSymA"
"489",0.0124,613502.5,"dN","pSymA"
"490",0.0118,612370,"dN","pSymA"
"491",0.0039,611511,"dN","pSymA"
"492",0.0046,610577.5,"dN","pSymA"
"493",0.0089,609500.5,"dN","pSymA"
"494",0.0039,941218,"dN","pSymA"
"495",0.0031,608317.5,"dN","pSymA"
"496",0.0385,607124,"dN","pSymA"
"497",0.0638,604901,"dN","pSymA"
"498",0.0075,604302,"dN","pSymA"
"499",0.01,603105,"dN","pSymA"
"500",0.0102,601858,"dN","pSymA"
"501",0.0068,600643,"dN","pSymA"
"502",0.0274,599046.5,"dN","pSymA"
"503",0,597693,"dN","pSymA"
"504",0.0028,596837.5,"dN","pSymA"
"505",0.0056,942931,"dN","pSymA"
"506",0.0013,595856,"dN","pSymA"
"507",0.0109,594885,"dN","pSymA"
"508",0.0015,593945.5,"dN","pSymA"
"509",0.0026,592666,"dN","pSymA"
"510",0.0041,591189.5,"dN","pSymA"
"511",0.0036,589568,"dN","pSymA"
"512",0.0021,588062.5,"dN","pSymA"
"513",0.0014,586642,"dN","pSymA"
"514",0.0045,585332.5,"dN","pSymA"
"515",0.0548,944078,"dN","pSymA"
"516",0.0093,584408.5,"dN","pSymA"
"517",0.0045,583346,"dN","pSymA"
"518",0,582632.5,"dN","pSymA"
"519",0.008,581628,"dN","pSymA"
"520",0.0035,580658.5,"dN","pSymA"
"521",0,579695,"dN","pSymA"
"522",0.0012,578459,"dN","pSymA"
"523",0.0012,577206.5,"dN","pSymA"
"524",0.0149,945507,"dN","pSymA"
"525",0,573690.5,"dN","pSymA"
"526",0.0048,571584,"dN","pSymA"
"527",0.0026,570035.5,"dN","pSymA"
"528",0.0026,568613.5,"dN","pSymA"
"529",0,567611.5,"dN","pSymA"
"530",0,566377.5,"dN","pSymA"
"531",0,565128.5,"dN","pSymA"
"532",0.0023,564015,"dN","pSymA"
"533",0.002,562873.5,"dN","pSymA"
"534",0.0092,420545,"dN","pSymA"
"535",0.0607,418392,"dN","pSymA"
"536",0,408192,"dN","pSymA"
"537",0.0186,403624.5,"dN","pSymA"
"538",0.0008,402201.5,"dN","pSymA"
"539",0.0057,400077.5,"dN","pSymA"
"540",0,398224,"dN","pSymA"
"541",0.0036,396732.5,"dN","pSymA"
"542",0,393967.5,"dN","pSymA"
"543",0,392633.5,"dN","pSymA"
"544",0,391845.5,"dN","pSymA"
"545",0.0054,417235.5,"dN","pSymA"
"546",0.0146,390936.5,"dN","pSymA"
"547",0,387994,"dN","pSymA"
"548",0.0057,385982.5,"dN","pSymA"
"549",0.0039,383702.5,"dN","pSymA"
"550",0,382036,"dN","pSymA"
"551",0.0014,380387,"dN","pSymA"
"552",0,377639,"dN","pSymA"
"553",0.0162,415992.5,"dN","pSymA"
"554",0,376728.5,"dN","pSymA"
"555",0.0023,375781.5,"dN","pSymA"
"556",0.0016,374930,"dN","pSymA"
"557",0.0058,373795.5,"dN","pSymA"
"558",0.0058,372378.5,"dN","pSymA"
"559",0.0044,371435.5,"dN","pSymA"
"560",0.0075,369193,"dN","pSymA"
"561",0.0015,368176.5,"dN","pSymA"
"562",0,365473,"dN","pSymA"
"563",0.0032,364515.5,"dN","pSymA"
"564",0.0117,414148.5,"dN","pSymA"
"565",0.0041,362539,"dN","pSymA"
"566",0.0014,361491.5,"dN","pSymA"
"567",0.0066,359650,"dN","pSymA"
"568",0.0063,358091.5,"dN","pSymA"
"569",0.0077,356399.5,"dN","pSymA"
"570",0.0099,354936,"dN","pSymA"
"571",0.0066,353955,"dN","pSymA"
"572",0.0113,352859.5,"dN","pSymA"
"573",0.005,351662,"dN","pSymA"
"574",0.0266,412792.5,"dN","pSymA"
"575",0.012,349787.5,"dN","pSymA"
"576",0.0089,348737.5,"dN","pSymA"
"577",0.0048,347552,"dN","pSymA"
"578",0.0081,346272.5,"dN","pSymA"
"579",0,345876.5,"dN","pSymA"
"580",0,344885,"dN","pSymA"
"581",0,344324.5,"dN","pSymA"
"582",0,340492,"dN","pSymA"
"583",0.0015,339700.5,"dN","pSymA"
"584",0.0041,338701.5,"dN","pSymA"
"585",0.0387,411352,"dN","pSymA"
"586",0,332850,"dN","pSymA"
"587",0.0042,329521.5,"dN","pSymA"
"588",0.0034,323518,"dN","pSymA"
"589",0.0026,321228,"dN","pSymA"
"590",0.0044,318969,"dN","pSymA"
"591",0,317819.5,"dN","pSymA"
"592",0.0019,317277,"dN","pSymA"
"593",0,316267.5,"dN","pSymA"
"594",0.0059,315142,"dN","pSymA"
"595",0.0077,314092,"dN","pSymA"
"596",0.0063,410371.5,"dN","pSymA"
"597",0.0013,409458,"dN","pSymA"
"598",0.0119,309763,"dN","pSymA"
"599",0.0153,308473,"dN","pSymA"
"600",0.0091,296777,"dN","pSymA"
"601",0.0054,294261,"dN","pSymA"
"602",0.0014,292880,"dN","pSymA"
"603",0.0029,291984,"dN","pSymA"
"604",0.0107,290725,"dN","pSymA"
"605",0,289552,"dN","pSymA"
"606",0.009,288415.5,"dN","pSymA"
"607",0.846,283974.5,"dN","pSymA"
"608",0.3996,283916,"dN","pSymA"
"609",1.5495,283880,"dN","pSymA"
"610",2.5088,283791.5,"dN","pSymA"
"611",1.0649,283481,"dN","pSymA"
"612",63.2739,283431.5,"dN","pSymA"
"613",1.1904,283404.5,"dN","pSymA"
"614",0.6306,283331,"dN","pSymA"
"615",2.332,283286,"dN","pSymA"
"616",22.3107,283242.5,"dN","pSymA"
"617",22.8497,283175,"dN","pSymA"
"618",1.7515,283142,"dN","pSymA"
"619",0.0003,283101.5,"dN","pSymA"
"620",28.8185,283029.5,"dN","pSymA"
"621",1.0047,282975.5,"dN","pSymA"
"622",1.2554,282929,"dN","pSymA"
"623",0.5654,284276,"dN","pSymA"
"624",1.9278,284148.5,"dN","pSymA"
"625",0.0012,307137,"dN","pSymA"
"626",0.0072,306101.5,"dN","pSymA"
"627",0.0034,305373.5,"dN","pSymA"
"628",0.0102,304132.5,"dN","pSymA"
"629",0.0121,302869.5,"dN","pSymA"
"630",0.0069,299956.5,"dN","pSymA"
"631",0.0093,298967,"dN","pSymA"
"632",0.0061,297898,"dN","pSymA"
"633",1434.6588,280759.5,"dN","pSymA"
"634",0.505,280474.5,"dN","pSymA"
"635",2.2674,280054.5,"dN","pSymA"
"636",38.5964,279403.5,"dN","pSymA"
"637",1.1024,279348,"dN","pSymA"
"638",1.4089,279312,"dN","pSymA"
"639",1.1548,279250.5,"dN","pSymA"
"640",1.2472,279198,"dN","pSymA"
"641",16.9864,279174,"dN","pSymA"
"642",18.5076,279084,"dN","pSymA"
"643",9.7145,278862,"dN","pSymA"
"644",5.199,278820,"dN","pSymA"
"645",1.6467,278739,"dN","pSymA"
"646",35.6658,280033.5,"dN","pSymA"
"647",1.135,278665.5,"dN","pSymA"
"648",6.8545,278598,"dN","pSymA"
"649",1.5977,278470.5,"dN","pSymA"
"650",4.0591,278439,"dN","pSymA"
"651",1.2231,278340,"dN","pSymA"
"652",6.3769,278274,"dN","pSymA"
"653",2.8383,278050.5,"dN","pSymA"
"654",26.3146,278004,"dN","pSymA"
"655",1.4958,277951.5,"dN","pSymA"
"656",31.6307,277818,"dN","pSymA"
"657",46.6251,280006.5,"dN","pSymA"
"658",3.939,277528.5,"dN","pSymA"
"659",47.9362,277428,"dN","pSymA"
"660",35.9347,277092,"dN","pSymA"
"661",0.4068,277071,"dN","pSymA"
"662",33.162,277021.5,"dN","pSymA"
"663",44.9996,276966,"dN","pSymA"
"664",38.2835,279945,"dN","pSymA"
"665",1.156,279879,"dN","pSymA"
"666",2.3431,279609,"dN","pSymA"
"667",8.3827,279568.5,"dN","pSymA"
"668",1.0334,279520.5,"dN","pSymA"
"669",47.6789,279499.5,"dN","pSymA"
"670",45.349,276937,"dN","pSymA"
"671",9.591,276916,"dN","pSymA"
"672",34.1019,276655,"dN","pSymA"
"673",0,274862,"dN","pSymA"
"674",0.0175,274671.5,"dN","pSymA"
"675",0.0084,261387.5,"dN","pSymA"
"676",0.0116,259682,"dN","pSymA"
"677",0.0108,257584.5,"dN","pSymA"
"678",0,257404,"dN","pSymA"
"679",0,257291.5,"dN","pSymA"
"680",0.0118,256290,"dN","pSymA"
"681",0.0233,254649.5,"dN","pSymA"
"682",0.007,253475,"dN","pSymA"
"683",0.0158,252134.5,"dN","pSymA"
"684",0.0125,250103,"dN","pSymA"
"685",0.0194,249162,"dN","pSymA"
"686",0.0072,273668.5,"dN","pSymA"
"687",0.0128,246061.5,"dN","pSymA"
"688",0.0172,245488.5,"dN","pSymA"
"689",0.0037,243828,"dN","pSymA"
"690",0.0128,238219,"dN","pSymA"
"691",0.0209,237238,"dN","pSymA"
"692",0.0093,235875,"dN","pSymA"
"693",0.0114,234929.5,"dN","pSymA"
"694",0.0466,232850.5,"dN","pSymA"
"695",0.0112,272899.5,"dN","pSymA"
"696",0.0167,272424,"dN","pSymA"
"697",0.009,269495,"dN","pSymA"
"698",0.0056,268698.5,"dN","pSymA"
"699",0.0243,265769,"dN","pSymA"
"700",0.0358,264007,"dN","pSymA"
"701",0.0099,262599.5,"dN","pSymA"
"702",0.0094,751895.5,"dN","pSymA"
"703",0,753090.5,"dN","pSymA"
"704",0.0214,764571,"dN","pSymA"
"705",0.0135,765592,"dN","pSymA"
"706",0.0022,767739,"dN","pSymA"
"707",0.0111,768718.5,"dN","pSymA"
"708",0.0036,770578.5,"dN","pSymA"
"709",0.0014,772732.5,"dN","pSymA"
"710",0.0042,774255,"dN","pSymA"
"711",0.0046,753828.5,"dN","pSymA"
"712",0.0052,755302.5,"dN","pSymA"
"713",0.0158,756531,"dN","pSymA"
"714",0.0046,757926.5,"dN","pSymA"
"715",0.0035,760855,"dN","pSymA"
"716",0.0363,761756.5,"dN","pSymA"
"717",0.041,762968,"dN","pSymA"
"718",0.0235,763946.5,"dN","pSymA"
"719",0,727009,"dN","pSymA"
"720",0,727397,"dN","pSymA"
"721",0.0027,740231.5,"dN","pSymA"
"722",0.006,741619.5,"dN","pSymA"
"723",0.0045,742332,"dN","pSymA"
"724",0.0202,743226,"dN","pSymA"
"725",0,745652.5,"dN","pSymA"
"726",0.008,746543.5,"dN","pSymA"
"727",0.0029,750227,"dN","pSymA"
"728",0.0055,728261,"dN","pSymA"
"729",0.0413,730026.5,"dN","pSymA"
"730",0.0098,731207,"dN","pSymA"
"731",0.0021,732021.5,"dN","pSymA"
"732",0.0052,733217.5,"dN","pSymA"
"733",0,733817,"dN","pSymA"
"734",0.0032,734241.5,"dN","pSymA"
"735",0,737321.5,"dN","pSymA"
"736",0.0058,738619,"dN","pSymA"
"737",0.0923,695723.5,"dN","pSymA"
"738",0.4028,695893,"dN","pSymA"
"739",0.0745,696426.5,"dN","pSymA"
"740",0.0138,714219,"dN","pSymA"
"741",0.0186,714900,"dN","pSymA"
"742",0.013,715836.5,"dN","pSymA"
"743",0.0037,716824,"dN","pSymA"
"744",0.0018,718078.5,"dN","pSymA"
"745",0.0043,718979,"dN","pSymA"
"746",0.0078,719685,"dN","pSymA"
"747",0.0062,720720.5,"dN","pSymA"
"748",0.0053,721557,"dN","pSymA"
"749",0.0025,722499.5,"dN","pSymA"
"750",0.0322,698318.5,"dN","pSymA"
"751",0.0079,723854,"dN","pSymA"
"752",0.0249,725177.5,"dN","pSymA"
"753",0.0227,725830.5,"dN","pSymA"
"754",0.0163,726150,"dN","pSymA"
"755",0.0345,699502.5,"dN","pSymA"
"756",0.1037,699956,"dN","pSymA"
"757",0.0418,700467.5,"dN","pSymA"
"758",0.0127,701939.5,"dN","pSymA"
"759",0.0072,703330,"dN","pSymA"
"760",0.0188,704870.5,"dN","pSymA"
"761",0.006,713107.5,"dN","pSymA"
"762",0.034,693036,"dN","pSymA"
"763",26.5882,688047.5,"dN","pSymA"
"764",0.8544,688679,"dN","pSymA"
"765",0.8012,688728.5,"dN","pSymA"
"766",0.8173,688178,"dN","pSymA"
"767",0.2562,688203.5,"dN","pSymA"
"768",1.0892,688259,"dN","pSymA"
"769",7.614,688350.5,"dN","pSymA"
"770",1.9082,688389.5,"dN","pSymA"
"771",19.487,688500.5,"dN","pSymA"
"772",10.4373,688544,"dN","pSymA"
"773",1.7937,688581.5,"dN","pSymA"
"774",1.379,689119.5,"dN","pSymA"
"775",1.8504,689145,"dN","pSymA"
"776",1.6977,690326.5,"dN","pSymA"
"777",1.3995,690494.5,"dN","pSymA"
"778",0.9013,690517,"dN","pSymA"
"779",2.9652,690602.5,"dN","pSymA"
"780",1.4806,690131.5,"dN","pSymA"
"781",21.0754,690149.5,"dN","pSymA"
"782",1.3421,690200.5,"dN","pSymA"
"783",2.9069,678589.5,"dN","pSymA"
"784",1.3112,678609,"dN","pSymA"
"785",23.1842,678658.5,"dN","pSymA"
"786",5.71,678688.5,"dN","pSymA"
"787",0.0007,683180.5,"dN","pSymA"
"788",0.0087,684223,"dN","pSymA"
"789",0.0361,588040.5,"dN","pSymA"
"790",0.0125,588803.5,"dN","pSymA"
"791",0.0066,479293,"dN","pSymA"
"792",0.0015,455811.5,"dN","pSymA"
"793",0,456861.5,"dN","pSymA"
"794",0.0085,464971.5,"dN","pSymA"
"795",0,466390,"dN","pSymA"
"796",0.0125,466612.5,"dN","pSymA"
"797",0.0019,467275.5,"dN","pSymA"
"798",0.0036,468552.5,"dN","pSymA"
"799",0.0024,469315,"dN","pSymA"
"800",0.0077,470472,"dN","pSymA"
"801",0.0047,473601,"dN","pSymA"
"802",0.0016,474609,"dN","pSymA"
"803",0,475440,"dN","pSymA"
"804",0,476731.5,"dN","pSymA"
"805",0,477011,"dN","pSymA"
"806",0.0024,458925.5,"dN","pSymA"
"807",0,462088,"dN","pSymA"
"808",0.0054,462812.5,"dN","pSymA"
"809",0.0103,463519,"dN","pSymA"
"810",19.6869,446749.5,"dS","pSymA"
"811",0,446763,"dS","pSymA"
"812",2.6581,446787,"dS","pSymA"
"813",0.0073,447504,"dS","pSymA"
"814",0.0054,448620.5,"dS","pSymA"
"815",0.016,449537.5,"dS","pSymA"
"816",0.0215,450252,"dS","pSymA"
"817",0.1925,450583.5,"dS","pSymA"
"818",0.2207,451474.5,"dS","pSymA"
"819",1.9954,452241,"dS","pSymA"
"820",0.2036,452822,"dS","pSymA"
"821",0.2835,454174,"dS","pSymA"
"822",0.0293,519908,"dS","pSymA"
"823",0.0983,522488.5,"dS","pSymA"
"824",0.0437,524461,"dS","pSymA"
"825",1.6382,580072.5,"dS","pSymA"
"826",2.3693,580606.5,"dS","pSymA"
"827",1.1655,580738.5,"dS","pSymA"
"828",0.1759,580876.5,"dS","pSymA"
"829",531.6997,580959,"dS","pSymA"
"830",1.0986,581005.5,"dS","pSymA"
"831",0.0007,581273,"dS","pSymA"
"832",0.0186,581346.5,"dS","pSymA"
"833",0.4064,581592.5,"dS","pSymA"
"834",0.4927,581701.5,"dS","pSymA"
"835",27.2773,581781,"dS","pSymA"
"836",2.9549,581950.5,"dS","pSymA"
"837",3.3927,582223.5,"dS","pSymA"
"838",118.693,582264,"dS","pSymA"
"839",0.2603,582313.5,"dS","pSymA"
"840",14.3446,582369,"dS","pSymA"
"841",1.4579,582483,"dS","pSymA"
"842",0.0267,284986.5,"dS","pSymA"
"843",0.1163,286552.5,"dS","pSymA"
"844",0.1419,289098,"dS","pSymA"
"845",0.1478,302707.5,"dS","pSymA"
"846",0.1388,402115.5,"dS","pSymA"
"847",0.0793,403167,"dS","pSymA"
"848",0.0519,404520,"dS","pSymA"
"849",0.0001,405746.5,"dS","pSymA"
"850",0.0064,406478,"dS","pSymA"
"851",0,407669.5,"dS","pSymA"
"852",0.0227,409076,"dS","pSymA"
"853",0.0166,410412,"dS","pSymA"
"854",0.0098,411615,"dS","pSymA"
"855",0.0324,412336.5,"dS","pSymA"
"856",0.2171,303599.5,"dS","pSymA"
"857",0.0288,413314.5,"dS","pSymA"
"858",0.0186,415314,"dS","pSymA"
"859",0.0538,416649.5,"dS","pSymA"
"860",0.0192,417584.5,"dS","pSymA"
"861",0.1012,418990.5,"dS","pSymA"
"862",0.042,420083,"dS","pSymA"
"863",0.1217,421198,"dS","pSymA"
"864",0.2506,422071,"dS","pSymA"
"865",0.1973,422979,"dS","pSymA"
"866",0.0725,424170,"dS","pSymA"
"867",0.2451,307166.5,"dS","pSymA"
"868",0.1222,425176,"dS","pSymA"
"869",0.0442,426134.5,"dS","pSymA"
"870",0.0807,429563.5,"dS","pSymA"
"871",0.0359,430733.5,"dS","pSymA"
"872",0.0946,432081.5,"dS","pSymA"
"873",0.0268,433205,"dS","pSymA"
"874",0.0456,434148,"dS","pSymA"
"875",0.0386,435272,"dS","pSymA"
"876",0.1592,436564.5,"dS","pSymA"
"877",0.0416,437556.5,"dS","pSymA"
"878",0.3237,308212.5,"dS","pSymA"
"879",0.1693,438453.5,"dS","pSymA"
"880",0.0892,439092,"dS","pSymA"
"881",0.1128,441904.5,"dS","pSymA"
"882",0.0642,443607,"dS","pSymA"
"883",0.2169,445786.5,"dS","pSymA"
"884",0.1801,308869,"dS","pSymA"
"885",0.2344,309178.5,"dS","pSymA"
"886",32.6535,309201,"dS","pSymA"
"887",0.0008,309249,"dS","pSymA"
"888",0.2096,312324.5,"dS","pSymA"
"889",0.1833,313409,"dS","pSymA"
"890",0.2011,314413,"dS","pSymA"
"891",0.3264,316297.5,"dS","pSymA"
"892",0.1396,289928,"dS","pSymA"
"893",0.1372,317136,"dS","pSymA"
"894",0.3213,318104,"dS","pSymA"
"895",0.3298,319120,"dS","pSymA"
"896",0.1307,320002,"dS","pSymA"
"897",0.3676,321160.5,"dS","pSymA"
"898",0.5504,322020.5,"dS","pSymA"
"899",0.3134,322440,"dS","pSymA"
"900",0.6466,322821,"dS","pSymA"
"901",0.3279,323594,"dS","pSymA"
"902",0.1875,324789,"dS","pSymA"
"903",0.0952,325759,"dS","pSymA"
"904",0.1545,291046.5,"dS","pSymA"
"905",0.2101,326432,"dS","pSymA"
"906",0.1623,326824,"dS","pSymA"
"907",0.1364,327224.5,"dS","pSymA"
"908",0.2062,328010.5,"dS","pSymA"
"909",0.2074,328917,"dS","pSymA"
"910",0.244,329554,"dS","pSymA"
"911",0.105,330220,"dS","pSymA"
"912",0.1068,330891.5,"dS","pSymA"
"913",0.1151,331926.5,"dS","pSymA"
"914",0.0906,332921.5,"dS","pSymA"
"915",0.0465,333927.5,"dS","pSymA"
"916",0.1235,292181.5,"dS","pSymA"
"917",0.0743,335393.5,"dS","pSymA"
"918",0.1891,337059,"dS","pSymA"
"919",0.1643,338410.5,"dS","pSymA"
"920",0.4344,339291.5,"dS","pSymA"
"921",0.0413,340159,"dS","pSymA"
"922",0.0142,341094,"dS","pSymA"
"923",0.0087,344316,"dS","pSymA"
"924",0,345784.5,"dS","pSymA"
"925",0.013,346974.5,"dS","pSymA"
"926",0.1227,293574,"dS","pSymA"
"927",0.0001,348198.5,"dS","pSymA"
"928",0.0001,348462.5,"dS","pSymA"
"929",0,349239.5,"dS","pSymA"
"930",0.0088,350328,"dS","pSymA"
"931",0.0001,351351.5,"dS","pSymA"
"932",0,352267.5,"dS","pSymA"
"933",0.0146,352644,"dS","pSymA"
"934",0.0001,353480.5,"dS","pSymA"
"935",0.0243,354132,"dS","pSymA"
"936",0.0117,354687.5,"dS","pSymA"
"937",0.0209,355179,"dS","pSymA"
"938",0.0743,295240,"dS","pSymA"
"939",0.0079,356599,"dS","pSymA"
"940",0.02,358787,"dS","pSymA"
"941",0.1365,361441,"dS","pSymA"
"942",0.0072,362552,"dS","pSymA"
"943",0.004,363218.5,"dS","pSymA"
"944",0.0062,364635.5,"dS","pSymA"
"945",0.0483,366453,"dS","pSymA"
"946",0.0713,367935.5,"dS","pSymA"
"947",0.0321,369305,"dS","pSymA"
"948",0.1028,300103.5,"dS","pSymA"
"949",0.0366,370253.5,"dS","pSymA"
"950",0.0223,371104,"dS","pSymA"
"951",0.0282,372072,"dS","pSymA"
"952",0.0862,373439,"dS","pSymA"
"953",0.0339,374191,"dS","pSymA"
"954",0.0066,374623,"dS","pSymA"
"955",0.0409,375237,"dS","pSymA"
"956",0.0338,375642,"dS","pSymA"
"957",0.0368,376237.5,"dS","pSymA"
"958",0.0459,377265,"dS","pSymA"
"959",0.1015,378252,"dS","pSymA"
"960",0.1849,300931.5,"dS","pSymA"
"961",0.1054,379599.5,"dS","pSymA"
"962",0.1757,380144,"dS","pSymA"
"963",0.0245,381840,"dS","pSymA"
"964",0.0125,382333.5,"dS","pSymA"
"965",0.02,383190,"dS","pSymA"
"966",0,383925.5,"dS","pSymA"
"967",0.0269,385062.5,"dS","pSymA"
"968",0.0212,386444.5,"dS","pSymA"
"969",0.1134,387568.5,"dS","pSymA"
"970",0.0417,388193.5,"dS","pSymA"
"971",0.069,389380,"dS","pSymA"
"972",0.1026,389811,"dS","pSymA"
"973",0.1678,301708.5,"dS","pSymA"
"974",0.0344,390725,"dS","pSymA"
"975",0.078,391667.5,"dS","pSymA"
"976",0.0707,392614.5,"dS","pSymA"
"977",0.0576,393812,"dS","pSymA"
"978",0.0372,395115,"dS","pSymA"
"979",0.0235,396517.5,"dS","pSymA"
"980",0.0264,397505,"dS","pSymA"
"981",0.0121,399304,"dS","pSymA"
"982",0.0481,400413,"dS","pSymA"
"983",0.0081,401242,"dS","pSymA"
"984",0.5831,85394.5,"dS","pSymA"
"985",0.0818,82547,"dS","pSymA"
"986",0.0852,59879,"dS","pSymA"
"987",0.0887,57656.5,"dS","pSymA"
"988",0.0995,57332.5,"dS","pSymA"
"989",0.191,55619.5,"dS","pSymA"
"990",0.1587,54047.5,"dS","pSymA"
"991",0.3199,53268,"dS","pSymA"
"992",0.153,52015,"dS","pSymA"
"993",0.1862,50671,"dS","pSymA"
"994",0.2411,49928.5,"dS","pSymA"
"995",0.3009,48620,"dS","pSymA"
"996",0.2835,46732.5,"dS","pSymA"
"997",0.2359,30385.5,"dS","pSymA"
"998",0.1422,29934,"dS","pSymA"
"999",0,29817,"dS","pSymA"
"1000",0.0527,77597,"dS","pSymA"
"1001",0.2113,29355,"dS","pSymA"
"1002",0.123,28154.5,"dS","pSymA"
"1003",0.1454,27640,"dS","pSymA"
"1004",0.2078,26613.5,"dS","pSymA"
"1005",0.3146,25818,"dS","pSymA"
"1006",0.2527,24242,"dS","pSymA"
"1007",0.0809,22389.5,"dS","pSymA"
"1008",0.2958,19972.5,"dS","pSymA"
"1009",0.203,19624.5,"dS","pSymA"
"1010",0.1635,17744,"dS","pSymA"
"1011",0.1517,16515,"dS","pSymA"
"1012",0.0207,76794,"dS","pSymA"
"1013",0.143,15067,"dS","pSymA"
"1014",0.1374,13783.5,"dS","pSymA"
"1015",0.0514,12790,"dS","pSymA"
"1016",0.0833,11650,"dS","pSymA"
"1017",0.0122,10585.5,"dS","pSymA"
"1018",0.0873,8394.5,"dS","pSymA"
"1019",0.1643,6627.5,"dS","pSymA"
"1020",0.1186,4813,"dS","pSymA"
"1021",0.2022,4100,"dS","pSymA"
"1022",0.0004,3282,"dS","pSymA"
"1023",0.107,2500.5,"dS","pSymA"
"1024",0.3787,1711.5,"dS","pSymA"
"1025",0.0173,76040,"dS","pSymA"
"1026",0.1261,1258,"dS","pSymA"
"1027",0.2317,513,"dS","pSymA"
"1028",0.1619,602.5,"dS","pSymA"
"1029",0.1264,2934.5,"dS","pSymA"
"1030",0.1002,74966,"dS","pSymA"
"1031",0.0626,73144,"dS","pSymA"
"1032",0.0359,69707,"dS","pSymA"
"1033",0.0235,67386,"dS","pSymA"
"1034",0.086,65990.5,"dS","pSymA"
"1035",0.0095,541695,"dS","pSymA"
"1036",0,542094.5,"dS","pSymA"
"1037",0.0925,544682.5,"dS","pSymA"
"1038",0.5673,776137,"dS","pSymA"
"1039",0.066,778886.5,"dS","pSymA"
"1040",0.0943,792575.5,"dS","pSymA"
"1041",0.1057,797360.5,"dS","pSymA"
"1042",0.0715,798436.5,"dS","pSymA"
"1043",0.1107,798695.5,"dS","pSymA"
"1044",0.1276,804472.5,"dS","pSymA"
"1045",0.0321,805512,"dS","pSymA"
"1046",0.0716,780785.5,"dS","pSymA"
"1047",0.0487,782474.5,"dS","pSymA"
"1048",0.1102,784919.5,"dS","pSymA"
"1049",0.0509,786127.5,"dS","pSymA"
"1050",0.1539,787036,"dS","pSymA"
"1051",0.0997,788890,"dS","pSymA"
"1052",0.0506,790082,"dS","pSymA"
"1053",0.1058,790527.5,"dS","pSymA"
"1054",0.104,791282.5,"dS","pSymA"
"1055",1.596,640138,"dS","pSymA"
"1056",1.3117,657677.5,"dS","pSymA"
"1057",0.0874,807482.5,"dS","pSymA"
"1058",0.1435,808683.5,"dS","pSymA"
"1059",0.1377,808989.5,"dS","pSymA"
"1060",6.46,823499,"dS","pSymA"
"1061",0.8486,823542.5,"dS","pSymA"
"1062",0.0006,823649,"dS","pSymA"
"1063",3.4261,823320.5,"dS","pSymA"
"1064",74.1264,823431.5,"dS","pSymA"
"1065",1.1038,823463,"dS","pSymA"
"1066",0.5625,810606.5,"dS","pSymA"
"1067",0.1424,811643.5,"dS","pSymA"
"1068",0.1398,812000.5,"dS","pSymA"
"1069",6.3185,813196.5,"dS","pSymA"
"1070",7.796,813931.5,"dS","pSymA"
"1071",0.9196,813988.5,"dS","pSymA"
"1072",77.8003,814132.5,"dS","pSymA"
"1073",11.4951,814153.5,"dS","pSymA"
"1074",0.8791,813261,"dS","pSymA"
"1075",44.3815,813403.5,"dS","pSymA"
"1076",4.2601,813502.5,"dS","pSymA"
"1077",2.3659,813562.5,"dS","pSymA"
"1078",12.0077,813628.5,"dS","pSymA"
"1079",28.7033,813804,"dS","pSymA"
"1080",170.044,813862.5,"dS","pSymA"
"1081",2.6727,813879,"dS","pSymA"
"1082",54.6905,814231.5,"dS","pSymA"
"1083",1.766,814647,"dS","pSymA"
"1084",10.8263,814669.5,"dS","pSymA"
"1085",2.9316,814749,"dS","pSymA"
"1086",40.9263,814846.5,"dS","pSymA"
"1087",40.1745,814899,"dS","pSymA"
"1088",0.4533,814942.5,"dS","pSymA"
"1089",48.584,814255.5,"dS","pSymA"
"1090",105.8453,814306.5,"dS","pSymA"
"1091",49.2401,814329,"dS","pSymA"
"1092",120.3571,814354.5,"dS","pSymA"
"1093",2.9221,814405.5,"dS","pSymA"
"1094",47.2929,814489.5,"dS","pSymA"
"1095",35.3272,814563,"dS","pSymA"
"1096",67.3695,814606.5,"dS","pSymA"
"1097",68.0127,815075.5,"dS","pSymA"
"1098",20.1818,815632,"dS","pSymA"
"1099",191.3176,815653,"dS","pSymA"
"1100",9.2284,815695,"dS","pSymA"
"1101",7.4873,815800,"dS","pSymA"
"1102",0.0168,815816.5,"dS","pSymA"
"1103",244.601,815828.5,"dS","pSymA"
"1104",1.2222,815939.5,"dS","pSymA"
"1105",5.4772,815168.5,"dS","pSymA"
"1106",62.5061,815194,"dS","pSymA"
"1107",56.4936,815267.5,"dS","pSymA"
"1108",9.1004,815333.5,"dS","pSymA"
"1109",73.827,815374,"dS","pSymA"
"1110",112.8016,815510.5,"dS","pSymA"
"1111",11.7497,815584,"dS","pSymA"
"1112",0.3296,816018,"dS","pSymA"
"1113",31.2179,816574.5,"dS","pSymA"
"1114",0.2825,816598.5,"dS","pSymA"
"1115",11.2763,816744,"dS","pSymA"
"1116",17.1576,816880.5,"dS","pSymA"
"1117",48.0522,816108,"dS","pSymA"
"1118",1.0501,816141,"dS","pSymA"
"1119",36.9467,816169.5,"dS","pSymA"
"1120",0.5878,816279,"dS","pSymA"
"1121",68.7329,816361.5,"dS","pSymA"
"1122",21.745,816442.5,"dS","pSymA"
"1123",65.1989,816507,"dS","pSymA"
"1124",11.9861,816544.5,"dS","pSymA"
"1125",0.0328,829986,"dS","pSymA"
"1126",0.0753,831266.5,"dS","pSymA"
"1127",0.0018,833803.5,"dS","pSymA"
"1128",0.7279,833833.5,"dS","pSymA"
"1129",29.6274,833970,"dS","pSymA"
"1130",2.898,833997,"dS","pSymA"
"1131",27.0834,834024,"dS","pSymA"
"1132",0.0003,853358,"dS","pSymA"
"1133",0,853398.5,"dS","pSymA"
"1134",0.002,854321,"dS","pSymA"
"1135",58.6575,854564,"dS","pSymA"
"1136",1.6305,854630,"dS","pSymA"
"1137",9.1853,854880.5,"dS","pSymA"
"1138",2.2149,855267.5,"dS","pSymA"
"1139",0.0003,856190.5,"dS","pSymA"
"1140",57.3729,856394.5,"dS","pSymA"
"1141",0.1161,946031.5,"dS","pSymA"
"1142",0.0124,562086.5,"dS","pSymA"
"1143",0,561219,"dS","pSymA"
"1144",0.0261,559964,"dS","pSymA"
"1145",0.0308,558676.5,"dS","pSymA"
"1146",0.0586,557751,"dS","pSymA"
"1147",0.0039,556462,"dS","pSymA"
"1148",0.0171,555180.5,"dS","pSymA"
"1149",0.0064,554291,"dS","pSymA"
"1150",0.0225,553215,"dS","pSymA"
"1151",0.0427,551951.5,"dS","pSymA"
"1152",0.1639,947221.5,"dS","pSymA"
"1153",0.2496,948345,"dS","pSymA"
"1154",112.538,948367.5,"dS","pSymA"
"1155",0.0537,550211,"dS","pSymA"
"1156",0.0402,549207.5,"dS","pSymA"
"1157",0.0298,548224,"dS","pSymA"
"1158",0.0116,546964.5,"dS","pSymA"
"1159",0.0278,546166,"dS","pSymA"
"1160",0.0169,545099,"dS","pSymA"
"1161",0.019,543968,"dS","pSymA"
"1162",0.0308,543124.5,"dS","pSymA"
"1163",0.029,542189.5,"dS","pSymA"
"1164",0.5137,948612.5,"dS","pSymA"
"1165",0,948860,"dS","pSymA"
"1166",0,948872,"dS","pSymA"
"1167",0.0345,541301,"dS","pSymA"
"1168",0.0168,540483.5,"dS","pSymA"
"1169",0.0373,539488.5,"dS","pSymA"
"1170",0.0217,538268,"dS","pSymA"
"1171",0.0262,536978.5,"dS","pSymA"
"1172",0.0415,535542.5,"dS","pSymA"
"1173",0.0399,533653,"dS","pSymA"
"1174",0.0293,532210,"dS","pSymA"
"1175",0.0179,530993,"dS","pSymA"
"1176",0.031,530336,"dS","pSymA"
"1177",0.1455,949666,"dS","pSymA"
"1178",0.0807,529030.5,"dS","pSymA"
"1179",0.0593,527671,"dS","pSymA"
"1180",0.0808,526826.5,"dS","pSymA"
"1181",0.0427,524853,"dS","pSymA"
"1182",0.0064,523771.5,"dS","pSymA"
"1183",0.0811,522554,"dS","pSymA"
"1184",0.0428,521193.5,"dS","pSymA"
"1185",0.0339,520268,"dS","pSymA"
"1186",0.0272,519218,"dS","pSymA"
"1187",0.0226,518232,"dS","pSymA"
"1188",0.181,951101.5,"dS","pSymA"
"1189",0.0004,951541,"dS","pSymA"
"1190",0.0364,516853.5,"dS","pSymA"
"1191",0.0308,515529.5,"dS","pSymA"
"1192",0.0274,514555.5,"dS","pSymA"
"1193",0.0828,513955.5,"dS","pSymA"
"1194",0.0546,513013,"dS","pSymA"
"1195",0.0808,512200,"dS","pSymA"
"1196",0.0842,511620,"dS","pSymA"
"1197",0.0507,510459,"dS","pSymA"
"1198",0.2318,509178,"dS","pSymA"
"1199",0.0438,508088.5,"dS","pSymA"
"1200",0.021,507199,"dS","pSymA"
"1201",0.1014,951628,"dS","pSymA"
"1202",0.0349,506320,"dS","pSymA"
"1203",0.0398,505425,"dS","pSymA"
"1204",0.0797,504904,"dS","pSymA"
"1205",0.0241,504470,"dS","pSymA"
"1206",0.0595,503362.5,"dS","pSymA"
"1207",0.047,501902.5,"dS","pSymA"
"1208",0.048,500299,"dS","pSymA"
"1209",0.0476,498406,"dS","pSymA"
"1210",0.0678,497539.5,"dS","pSymA"
"1211",0.1451,952082.5,"dS","pSymA"
"1212",0.0725,497135.5,"dS","pSymA"
"1213",0.0379,496256.5,"dS","pSymA"
"1214",0.0799,494171.5,"dS","pSymA"
"1215",0.0307,492031.5,"dS","pSymA"
"1216",0.0309,490858.5,"dS","pSymA"
"1217",0.0435,489875.5,"dS","pSymA"
"1218",0.0164,488707.5,"dS","pSymA"
"1219",0.0211,486834.5,"dS","pSymA"
"1220",0.0339,485237,"dS","pSymA"
"1221",0.0102,484167.5,"dS","pSymA"
"1222",0.1732,953271.5,"dS","pSymA"
"1223",0.0386,483174.5,"dS","pSymA"
"1224",0.0341,481930,"dS","pSymA"
"1225",0.0252,481023,"dS","pSymA"
"1226",0.0554,480383.5,"dS","pSymA"
"1227",0.0637,479330,"dS","pSymA"
"1228",0,478454,"dS","pSymA"
"1229",0.0144,478008.5,"dS","pSymA"
"1230",0.034,477314,"dS","pSymA"
"1231",0.0411,476150.5,"dS","pSymA"
"1232",0.0158,475134,"dS","pSymA"
"1233",0.0679,474137.5,"dS","pSymA"
"1234",0.0208,954623.5,"dS","pSymA"
"1235",0.0474,472350.5,"dS","pSymA"
"1236",0.0178,469914.5,"dS","pSymA"
"1237",0.0428,468951,"dS","pSymA"
"1238",0.032,468223.5,"dS","pSymA"
"1239",0.0095,464154,"dS","pSymA"
"1240",0.0135,458716,"dS","pSymA"
"1241",0.0121,457353.5,"dS","pSymA"
"1242",0.0043,455691.5,"dS","pSymA"
"1243",0.0047,444560.5,"dS","pSymA"
"1244",0.0237,955249.5,"dS","pSymA"
"1245",0.0118,441539.5,"dS","pSymA"
"1246",0,439649.5,"dS","pSymA"
"1247",0.0285,436138.5,"dS","pSymA"
"1248",0.0026,435330,"dS","pSymA"
"1249",0.0064,433893,"dS","pSymA"
"1250",0.003,432126,"dS","pSymA"
"1251",0.0252,431120.5,"dS","pSymA"
"1252",0.0046,430174.5,"dS","pSymA"
"1253",0.0561,429254.5,"dS","pSymA"
"1254",0.0169,427990.5,"dS","pSymA"
"1255",0.0093,426543.5,"dS","pSymA"
"1256",0.0129,425785.5,"dS","pSymA"
"1257",0.0176,425034,"dS","pSymA"
"1258",0.0669,422838,"dS","pSymA"
"1259",0.0336,676924.5,"dS","pSymA"
"1260",0.0167,675848,"dS","pSymA"
"1261",0.2619,673630.5,"dS","pSymA"
"1262",0.1186,673075.5,"dS","pSymA"
"1263",0.4575,671548,"dS","pSymA"
"1264",0.1795,670158,"dS","pSymA"
"1265",0.1839,669791,"dS","pSymA"
"1266",0.8965,669442,"dS","pSymA"
"1267",0.0536,640641.5,"dS","pSymA"
"1268",0.0032,929140,"dS","pSymA"
"1269",1.2144,929326,"dS","pSymA"
"1270",0.2253,929587,"dS","pSymA"
"1271",0.0251,639688,"dS","pSymA"
"1272",0.0277,638268.5,"dS","pSymA"
"1273",0.0467,637177,"dS","pSymA"
"1274",0.037,636155.5,"dS","pSymA"
"1275",0.0394,635390,"dS","pSymA"
"1276",0.0485,634897,"dS","pSymA"
"1277",0.6483,634269.5,"dS","pSymA"
"1278",0.1405,633217,"dS","pSymA"
"1279",0.0959,631682,"dS","pSymA"
"1280",0.0407,630313,"dS","pSymA"
"1281",0.0564,630004.5,"dS","pSymA"
"1282",0.0953,629804.5,"dS","pSymA"
"1283",0.0623,629465.5,"dS","pSymA"
"1284",0.0362,628381,"dS","pSymA"
"1285",0.0001,627287.5,"dS","pSymA"
"1286",0.0146,626490,"dS","pSymA"
"1287",0.0056,624778.5,"dS","pSymA"
"1288",0.0547,622885.5,"dS","pSymA"
"1289",0.0591,622053.5,"dS","pSymA"
"1290",0.0568,621396,"dS","pSymA"
"1291",0.0246,620365,"dS","pSymA"
"1292",0,939488.5,"dS","pSymA"
"1293",0.0281,619340.5,"dS","pSymA"
"1294",0.0713,618010.5,"dS","pSymA"
"1295",0.0372,616761.5,"dS","pSymA"
"1296",0.0577,615830.5,"dS","pSymA"
"1297",0.0297,614595,"dS","pSymA"
"1298",0.0547,613502.5,"dS","pSymA"
"1299",0.0609,612370,"dS","pSymA"
"1300",0.0598,611511,"dS","pSymA"
"1301",0.0479,610577.5,"dS","pSymA"
"1302",0.0696,609500.5,"dS","pSymA"
"1303",0.0065,941218,"dS","pSymA"
"1304",0.0573,608317.5,"dS","pSymA"
"1305",0.0823,607124,"dS","pSymA"
"1306",0.0784,604901,"dS","pSymA"
"1307",0.023,604302,"dS","pSymA"
"1308",0.0301,603105,"dS","pSymA"
"1309",0.0142,601858,"dS","pSymA"
"1310",0.0448,600643,"dS","pSymA"
"1311",0.0609,599046.5,"dS","pSymA"
"1312",0.0162,597693,"dS","pSymA"
"1313",0.0253,596837.5,"dS","pSymA"
"1314",0.0155,942931,"dS","pSymA"
"1315",0.061,595856,"dS","pSymA"
"1316",0.0395,594885,"dS","pSymA"
"1317",0.0182,593945.5,"dS","pSymA"
"1318",0.045,592666,"dS","pSymA"
"1319",0.0198,591189.5,"dS","pSymA"
"1320",0.0184,589568,"dS","pSymA"
"1321",0.0083,588062.5,"dS","pSymA"
"1322",0.0267,586642,"dS","pSymA"
"1323",0.0095,585332.5,"dS","pSymA"
"1324",0.3328,944078,"dS","pSymA"
"1325",0.0796,584408.5,"dS","pSymA"
"1326",0.024,583346,"dS","pSymA"
"1327",0.0112,582632.5,"dS","pSymA"
"1328",0.0154,581628,"dS","pSymA"
"1329",0.0204,580658.5,"dS","pSymA"
"1330",0.0172,579695,"dS","pSymA"
"1331",0.021,578459,"dS","pSymA"
"1332",0.0027,577206.5,"dS","pSymA"
"1333",0.1433,945507,"dS","pSymA"
"1334",0.0349,573690.5,"dS","pSymA"
"1335",0.0156,571584,"dS","pSymA"
"1336",0.0159,570035.5,"dS","pSymA"
"1337",0.021,568613.5,"dS","pSymA"
"1338",0,567611.5,"dS","pSymA"
"1339",0.0454,566377.5,"dS","pSymA"
"1340",0.0099,565128.5,"dS","pSymA"
"1341",0.0213,564015,"dS","pSymA"
"1342",0.0217,562873.5,"dS","pSymA"
"1343",0.135,420545,"dS","pSymA"
"1344",0.2038,418392,"dS","pSymA"
"1345",0.0062,408192,"dS","pSymA"
"1346",0.0969,403624.5,"dS","pSymA"
"1347",0.0055,402201.5,"dS","pSymA"
"1348",0.0023,400077.5,"dS","pSymA"
"1349",0,398224,"dS","pSymA"
"1350",0.0137,396732.5,"dS","pSymA"
"1351",0,393967.5,"dS","pSymA"
"1352",0.0048,392633.5,"dS","pSymA"
"1353",0,391845.5,"dS","pSymA"
"1354",0.1529,417235.5,"dS","pSymA"
"1355",0.0318,390936.5,"dS","pSymA"
"1356",0.0082,387994,"dS","pSymA"
"1357",0.0049,385982.5,"dS","pSymA"
"1358",0.0122,383702.5,"dS","pSymA"
"1359",0.0037,382036,"dS","pSymA"
"1360",0.0081,380387,"dS","pSymA"
"1361",0.0001,377639,"dS","pSymA"
"1362",0.1488,415992.5,"dS","pSymA"
"1363",0.0157,376728.5,"dS","pSymA"
"1364",0.0062,375781.5,"dS","pSymA"
"1365",0.0114,374930,"dS","pSymA"
"1366",0.0142,373795.5,"dS","pSymA"
"1367",0.0051,372378.5,"dS","pSymA"
"1368",0.0083,371435.5,"dS","pSymA"
"1369",0.0079,369193,"dS","pSymA"
"1370",0.0046,368176.5,"dS","pSymA"
"1371",0.0001,365473,"dS","pSymA"
"1372",0.0201,364515.5,"dS","pSymA"
"1373",0.228,414148.5,"dS","pSymA"
"1374",0.0172,362539,"dS","pSymA"
"1375",0.0138,361491.5,"dS","pSymA"
"1376",0.0226,359650,"dS","pSymA"
"1377",0.0316,358091.5,"dS","pSymA"
"1378",0.0251,356399.5,"dS","pSymA"
"1379",0.031,354936,"dS","pSymA"
"1380",0.0199,353955,"dS","pSymA"
"1381",0.0563,352859.5,"dS","pSymA"
"1382",0.0601,351662,"dS","pSymA"
"1383",0.329,412792.5,"dS","pSymA"
"1384",0.0631,349787.5,"dS","pSymA"
"1385",0.0363,348737.5,"dS","pSymA"
"1386",0.073,347552,"dS","pSymA"
"1387",0.0586,346272.5,"dS","pSymA"
"1388",0.0001,345876.5,"dS","pSymA"
"1389",0,344885,"dS","pSymA"
"1390",0.0001,344324.5,"dS","pSymA"
"1391",0.0201,340492,"dS","pSymA"
"1392",0.0049,339700.5,"dS","pSymA"
"1393",0.0226,338701.5,"dS","pSymA"
"1394",0.2794,411352,"dS","pSymA"
"1395",0.0077,332850,"dS","pSymA"
"1396",0.0638,329521.5,"dS","pSymA"
"1397",0.009,323518,"dS","pSymA"
"1398",0.0118,321228,"dS","pSymA"
"1399",0.0084,318969,"dS","pSymA"
"1400",0,317819.5,"dS","pSymA"
"1401",0.0091,317277,"dS","pSymA"
"1402",0.0201,316267.5,"dS","pSymA"
"1403",0.0368,315142,"dS","pSymA"
"1404",0.0083,314092,"dS","pSymA"
"1405",0.006,410371.5,"dS","pSymA"
"1406",0.004,409458,"dS","pSymA"
"1407",0.0335,309763,"dS","pSymA"
"1408",0.0274,308473,"dS","pSymA"
"1409",0.0515,296777,"dS","pSymA"
"1410",0.0967,294261,"dS","pSymA"
"1411",0.0329,292880,"dS","pSymA"
"1412",0.0633,291984,"dS","pSymA"
"1413",0.0774,290725,"dS","pSymA"
"1414",0.0506,289552,"dS","pSymA"
"1415",0.0914,288415.5,"dS","pSymA"
"1416",4.1598,283974.5,"dS","pSymA"
"1417",0.2565,283916,"dS","pSymA"
"1418",17.9598,283880,"dS","pSymA"
"1419",2.4697,283791.5,"dS","pSymA"
"1420",3.1073,283481,"dS","pSymA"
"1421",3.1188,283431.5,"dS","pSymA"
"1422",0.9864,283404.5,"dS","pSymA"
"1423",5.4584,283331,"dS","pSymA"
"1424",5.9113,283286,"dS","pSymA"
"1425",4.0416,283242.5,"dS","pSymA"
"1426",1.5943,283175,"dS","pSymA"
"1427",59.6233,283142,"dS","pSymA"
"1428",2.8736,283101.5,"dS","pSymA"
"1429",4.1481,283029.5,"dS","pSymA"
"1430",1.2657,282975.5,"dS","pSymA"
"1431",1.1034,282929,"dS","pSymA"
"1432",5649.6808,284276,"dS","pSymA"
"1433",0.8785,284148.5,"dS","pSymA"
"1434",0.0235,307137,"dS","pSymA"
"1435",0.0565,306101.5,"dS","pSymA"
"1436",0.0791,305373.5,"dS","pSymA"
"1437",0.0371,304132.5,"dS","pSymA"
"1438",0.0404,302869.5,"dS","pSymA"
"1439",0.079,299956.5,"dS","pSymA"
"1440",0.0658,298967,"dS","pSymA"
"1441",0.0228,297898,"dS","pSymA"
"1442",12.5408,280759.5,"dS","pSymA"
"1443",2.13,280474.5,"dS","pSymA"
"1444",0.0023,280054.5,"dS","pSymA"
"1445",3.0652,279403.5,"dS","pSymA"
"1446",0.2219,279348,"dS","pSymA"
"1447",125.7445,279312,"dS","pSymA"
"1448",4.9443,279250.5,"dS","pSymA"
"1449",187.617,279198,"dS","pSymA"
"1450",0.017,279174,"dS","pSymA"
"1451",104.0781,279084,"dS","pSymA"
"1452",0.0097,278862,"dS","pSymA"
"1453",1.491,278820,"dS","pSymA"
"1454",12.9267,278739,"dS","pSymA"
"1455",0.0357,280033.5,"dS","pSymA"
"1456",0.0011,278665.5,"dS","pSymA"
"1457",45.9317,278598,"dS","pSymA"
"1458",2.8459,278470.5,"dS","pSymA"
"1459",170.9345,278439,"dS","pSymA"
"1460",6.9151,278340,"dS","pSymA"
"1461",0.5196,278274,"dS","pSymA"
"1462",7.6046,278050.5,"dS","pSymA"
"1463",43.8252,278004,"dS","pSymA"
"1464",139.6327,277951.5,"dS","pSymA"
"1465",38.5699,277818,"dS","pSymA"
"1466",5.6343,280006.5,"dS","pSymA"
"1467",0.0039,277528.5,"dS","pSymA"
"1468",9.7349,277428,"dS","pSymA"
"1469",3.6056,277092,"dS","pSymA"
"1470",144.4638,277071,"dS","pSymA"
"1471",34.2852,277021.5,"dS","pSymA"
"1472",10.9008,276966,"dS","pSymA"
"1473",23.7419,279945,"dS","pSymA"
"1474",0.0012,279879,"dS","pSymA"
"1475",136.0258,279609,"dS","pSymA"
"1476",0.0084,279568.5,"dS","pSymA"
"1477",1.2034,279520.5,"dS","pSymA"
"1478",1.8661,279499.5,"dS","pSymA"
"1479",5.23,276937,"dS","pSymA"
"1480",277.2461,276916,"dS","pSymA"
"1481",29.0715,276655,"dS","pSymA"
"1482",0,274862,"dS","pSymA"
"1483",0.0365,274671.5,"dS","pSymA"
"1484",0.0506,261387.5,"dS","pSymA"
"1485",0.0665,259682,"dS","pSymA"
"1486",0.0235,257584.5,"dS","pSymA"
"1487",0.0001,257404,"dS","pSymA"
"1488",0.0241,257291.5,"dS","pSymA"
"1489",0.0123,256290,"dS","pSymA"
"1490",0.0158,254649.5,"dS","pSymA"
"1491",0.0234,253475,"dS","pSymA"
"1492",0.0944,252134.5,"dS","pSymA"
"1493",0.0688,250103,"dS","pSymA"
"1494",0.0545,249162,"dS","pSymA"
"1495",0.0594,273668.5,"dS","pSymA"
"1496",0.0296,246061.5,"dS","pSymA"
"1497",0.0134,245488.5,"dS","pSymA"
"1498",0.018,243828,"dS","pSymA"
"1499",0.0513,238219,"dS","pSymA"
"1500",0.0527,237238,"dS","pSymA"
"1501",0.0405,235875,"dS","pSymA"
"1502",0.0635,234929.5,"dS","pSymA"
"1503",0.1704,232850.5,"dS","pSymA"
"1504",0.0911,272899.5,"dS","pSymA"
"1505",0.1756,272424,"dS","pSymA"
"1506",0.0142,269495,"dS","pSymA"
"1507",0.0198,268698.5,"dS","pSymA"
"1508",0.1689,265769,"dS","pSymA"
"1509",0.0699,264007,"dS","pSymA"
"1510",0.1115,262599.5,"dS","pSymA"
"1511",0.0318,751895.5,"dS","pSymA"
"1512",0.0189,753090.5,"dS","pSymA"
"1513",0.0922,764571,"dS","pSymA"
"1514",0.1636,765592,"dS","pSymA"
"1515",0.0052,767739,"dS","pSymA"
"1516",0.032,768718.5,"dS","pSymA"
"1517",0.0065,770578.5,"dS","pSymA"
"1518",0.0141,772732.5,"dS","pSymA"
"1519",0.0887,774255,"dS","pSymA"
"1520",0.0064,753828.5,"dS","pSymA"
"1521",0.0067,755302.5,"dS","pSymA"
"1522",0.2124,756531,"dS","pSymA"
"1523",0.0902,757926.5,"dS","pSymA"
"1524",0.0097,760855,"dS","pSymA"
"1525",0.145,761756.5,"dS","pSymA"
"1526",0.1784,762968,"dS","pSymA"
"1527",0.1767,763946.5,"dS","pSymA"
"1528",0.0255,727009,"dS","pSymA"
"1529",0.0001,727397,"dS","pSymA"
"1530",0.035,740231.5,"dS","pSymA"
"1531",0.0254,741619.5,"dS","pSymA"
"1532",0.0169,742332,"dS","pSymA"
"1533",0.0075,743226,"dS","pSymA"
"1534",0.0374,745652.5,"dS","pSymA"
"1535",0.0309,746543.5,"dS","pSymA"
"1536",0.021,750227,"dS","pSymA"
"1537",0.0326,728261,"dS","pSymA"
"1538",0.1026,730026.5,"dS","pSymA"
"1539",0.0234,731207,"dS","pSymA"
"1540",0.0222,732021.5,"dS","pSymA"
"1541",0.0107,733217.5,"dS","pSymA"
"1542",0.0001,733817,"dS","pSymA"
"1543",0.0336,734241.5,"dS","pSymA"
"1544",0.0255,737321.5,"dS","pSymA"
"1545",0.0488,738619,"dS","pSymA"
"1546",0.9904,695723.5,"dS","pSymA"
"1547",1.1216,695893,"dS","pSymA"
"1548",0.4014,696426.5,"dS","pSymA"
"1549",0.1217,714219,"dS","pSymA"
"1550",0.0632,714900,"dS","pSymA"
"1551",0.0599,715836.5,"dS","pSymA"
"1552",0.1033,716824,"dS","pSymA"
"1553",0.0493,718078.5,"dS","pSymA"
"1554",0.0226,718979,"dS","pSymA"
"1555",0.1184,719685,"dS","pSymA"
"1556",0.0274,720720.5,"dS","pSymA"
"1557",0.028,721557,"dS","pSymA"
"1558",0.0247,722499.5,"dS","pSymA"
"1559",0.8051,698318.5,"dS","pSymA"
"1560",0.0447,723854,"dS","pSymA"
"1561",0.0402,725177.5,"dS","pSymA"
"1562",0.0315,725830.5,"dS","pSymA"
"1563",0.0238,726150,"dS","pSymA"
"1564",1.0018,699502.5,"dS","pSymA"
"1565",1.4897,699956,"dS","pSymA"
"1566",0.3151,700467.5,"dS","pSymA"
"1567",0.0479,701939.5,"dS","pSymA"
"1568",0.0376,703330,"dS","pSymA"
"1569",0.0698,704870.5,"dS","pSymA"
"1570",0.0537,713107.5,"dS","pSymA"
"1571",0.1768,693036,"dS","pSymA"
"1572",3.0688,688047.5,"dS","pSymA"
"1573",1.5014,688679,"dS","pSymA"
"1574",0.5602,688728.5,"dS","pSymA"
"1575",71.2373,688178,"dS","pSymA"
"1576",0.0003,688203.5,"dS","pSymA"
"1577",1.5241,688259,"dS","pSymA"
"1578",15.6598,688350.5,"dS","pSymA"
"1579",9.096,688389.5,"dS","pSymA"
"1580",0.0195,688500.5,"dS","pSymA"
"1581",0.0104,688544,"dS","pSymA"
"1582",81.7662,688581.5,"dS","pSymA"
"1583",4.2648,689119.5,"dS","pSymA"
"1584",0.0019,689145,"dS","pSymA"
"1585",14.2135,690326.5,"dS","pSymA"
"1586",0.2959,690494.5,"dS","pSymA"
"1587",0.4173,690517,"dS","pSymA"
"1588",0.6737,690602.5,"dS","pSymA"
"1589",1.0692,690131.5,"dS","pSymA"
"1590",6.3919,690149.5,"dS","pSymA"
"1591",1.9279,690200.5,"dS","pSymA"
"1592",45.8584,678589.5,"dS","pSymA"
"1593",1.0395,678609,"dS","pSymA"
"1594",2.6134,678658.5,"dS","pSymA"
"1595",0.0057,678688.5,"dS","pSymA"
"1596",0.0557,683180.5,"dS","pSymA"
"1597",0.0159,684223,"dS","pSymA"
"1598",0.0834,588040.5,"dS","pSymA"
"1599",0.0413,588803.5,"dS","pSymA"
"1600",0.0071,479293,"dS","pSymA"
"1601",0.0038,455811.5,"dS","pSymA"
"1602",0.012,456861.5,"dS","pSymA"
"1603",0.0083,464971.5,"dS","pSymA"
"1604",0,466390,"dS","pSymA"
"1605",0.0236,466612.5,"dS","pSymA"
"1606",0.0095,467275.5,"dS","pSymA"
"1607",0.0048,468552.5,"dS","pSymA"
"1608",0.0056,469315,"dS","pSymA"
"1609",0.019,470472,"dS","pSymA"
"1610",0.0081,473601,"dS","pSymA"
"1611",0.0077,474609,"dS","pSymA"
"1612",0.0001,475440,"dS","pSymA"
"1613",0.0001,476731.5,"dS","pSymA"
"1614",0.0001,477011,"dS","pSymA"
"1615",0.0189,458925.5,"dS","pSymA"
"1616",0.0001,462088,"dS","pSymA"
"1617",0.0319,462812.5,"dS","pSymA"
"1618",0.0131,463519,"dS","pSymA"
"1619",0.70772,446749.5,"omega","pSymA"
"1620",0,446763,"omega","pSymA"
"1621",0.26143,446787,"omega","pSymA"
"1622",0.38937,447504,"omega","pSymA"
"1623",0.81268,448620.5,"omega","pSymA"
"1624",0.18429,449537.5,"omega","pSymA"
"1625",0.12535,450252,"omega","pSymA"
"1626",0.48013,450583.5,"omega","pSymA"
"1627",0.05968,451474.5,"omega","pSymA"
"1628",0.14259,452241,"omega","pSymA"
"1629",0.13814,452822,"omega","pSymA"
"1630",0.07747,454174,"omega","pSymA"
"1631",0.56871,519908,"omega","pSymA"
"1632",0.23329,522488.5,"omega","pSymA"
"1633",0.90202,524461,"omega","pSymA"
"1634",14.50301,580072.5,"omega","pSymA"
"1635",0.22318,580606.5,"omega","pSymA"
"1636",0.35038,580738.5,"omega","pSymA"
"1637",10.99788,580876.5,"omega","pSymA"
"1638",0.00116,580959,"omega","pSymA"
"1639",6.79989,581005.5,"omega","pSymA"
"1640",999,581273,"omega","pSymA"
"1641",999,581346.5,"omega","pSymA"
"1642",1.25705,581592.5,"omega","pSymA"
"1643",26.56456,581701.5,"omega","pSymA"
"1644",0.28554,581781,"omega","pSymA"
"1645",0.23565,581950.5,"omega","pSymA"
"1646",5.53172,582223.5,"omega","pSymA"
"1647",0.05847,582264,"omega","pSymA"
"1648",2.68786,582313.5,"omega","pSymA"
"1649",5.55344,582369,"omega","pSymA"
"1650",0.16499,582483,"omega","pSymA"
"1651",0.25556,284986.5,"omega","pSymA"
"1652",0.04392,286552.5,"omega","pSymA"
"1653",0.02718,289098,"omega","pSymA"
"1654",0.17203,302707.5,"omega","pSymA"
"1655",0.04514,402115.5,"omega","pSymA"
"1656",0.03267,403167,"omega","pSymA"
"1657",0.17607,404520,"omega","pSymA"
"1658",0,405746.5,"omega","pSymA"
"1659",0.34747,406478,"omega","pSymA"
"1660",0,407669.5,"omega","pSymA"
"1661",0.17399,409076,"omega","pSymA"
"1662",0.11782,410412,"omega","pSymA"
"1663",0.65601,411615,"omega","pSymA"
"1664",0,412336.5,"omega","pSymA"
"1665",0.10113,303599.5,"omega","pSymA"
"1666",0.03501,413314.5,"omega","pSymA"
"1667",0.15003,415314,"omega","pSymA"
"1668",0.229,416649.5,"omega","pSymA"
"1669",0.34291,417584.5,"omega","pSymA"
"1670",0.06303,418990.5,"omega","pSymA"
"1671",0.17912,420083,"omega","pSymA"
"1672",0.03678,421198,"omega","pSymA"
"1673",0.04588,422071,"omega","pSymA"
"1674",0.02152,422979,"omega","pSymA"
"1675",0.05221,424170,"omega","pSymA"
"1676",0.19805,307166.5,"omega","pSymA"
"1677",0.18404,425176,"omega","pSymA"
"1678",0.12859,426134.5,"omega","pSymA"
"1679",0.1883,429563.5,"omega","pSymA"
"1680",0.20131,430733.5,"omega","pSymA"
"1681",0.13943,432081.5,"omega","pSymA"
"1682",0.10734,433205,"omega","pSymA"
"1683",0.1775,434148,"omega","pSymA"
"1684",0.13251,435272,"omega","pSymA"
"1685",0.02446,436564.5,"omega","pSymA"
"1686",0.06359,437556.5,"omega","pSymA"
"1687",0.10283,308212.5,"omega","pSymA"
"1688",0.02388,438453.5,"omega","pSymA"
"1689",0.19646,439092,"omega","pSymA"
"1690",0.1404,441904.5,"omega","pSymA"
"1691",0.49897,443607,"omega","pSymA"
"1692",0.0987,445786.5,"omega","pSymA"
"1693",0.08976,308869,"omega","pSymA"
"1694",3.58969,309178.5,"omega","pSymA"
"1695",0.05955,309201,"omega","pSymA"
"1696",999,309249,"omega","pSymA"
"1697",0.04791,312324.5,"omega","pSymA"
"1698",0.11374,313409,"omega","pSymA"
"1699",0.09722,314413,"omega","pSymA"
"1700",0.10425,316297.5,"omega","pSymA"
"1701",0.10371,289928,"omega","pSymA"
"1702",0.13032,317136,"omega","pSymA"
"1703",0.00955,318104,"omega","pSymA"
"1704",0.12515,319120,"omega","pSymA"
"1705",0.06717,320002,"omega","pSymA"
"1706",0.02442,321160.5,"omega","pSymA"
"1707",0.03338,322020.5,"omega","pSymA"
"1708",0.35292,322440,"omega","pSymA"
"1709",0.08941,322821,"omega","pSymA"
"1710",0.2216,323594,"omega","pSymA"
"1711",0.09271,324789,"omega","pSymA"
"1712",0.06262,325759,"omega","pSymA"
"1713",0.15832,291046.5,"omega","pSymA"
"1714",0.05729,326432,"omega","pSymA"
"1715",0.49333,326824,"omega","pSymA"
"1716",0.11486,327224.5,"omega","pSymA"
"1717",0.05284,328010.5,"omega","pSymA"
"1718",0.10545,328917,"omega","pSymA"
"1719",0.14249,329554,"omega","pSymA"
"1720",0.09557,330220,"omega","pSymA"
"1721",0.37043,330891.5,"omega","pSymA"
"1722",0.19231,331926.5,"omega","pSymA"
"1723",0.11948,332921.5,"omega","pSymA"
"1724",0.05839,333927.5,"omega","pSymA"
"1725",0.14231,292181.5,"omega","pSymA"
"1726",0.09266,335393.5,"omega","pSymA"
"1727",0.01578,337059,"omega","pSymA"
"1728",0.03908,338410.5,"omega","pSymA"
"1729",0.01667,339291.5,"omega","pSymA"
"1730",0.0324,340159,"omega","pSymA"
"1731",0.28963,341094,"omega","pSymA"
"1732",0.57387,344316,"omega","pSymA"
"1733",0,345784.5,"omega","pSymA"
"1734",0.11488,346974.5,"omega","pSymA"
"1735",0.18971,293574,"omega","pSymA"
"1736",0,348198.5,"omega","pSymA"
"1737",0,348462.5,"omega","pSymA"
"1738",0,349239.5,"omega","pSymA"
"1739",0.08901,350328,"omega","pSymA"
"1740",0,351351.5,"omega","pSymA"
"1741",0,352267.5,"omega","pSymA"
"1742",0.28645,352644,"omega","pSymA"
"1743",0,353480.5,"omega","pSymA"
"1744",0,354132,"omega","pSymA"
"1745",0,354687.5,"omega","pSymA"
"1746",0.7397,355179,"omega","pSymA"
"1747",0.39492,295240,"omega","pSymA"
"1748",0,356599,"omega","pSymA"
"1749",0.28205,358787,"omega","pSymA"
"1750",0.19996,361441,"omega","pSymA"
"1751",1.06851,362552,"omega","pSymA"
"1752",0.49652,363218.5,"omega","pSymA"
"1753",1.19104,364635.5,"omega","pSymA"
"1754",0.24784,366453,"omega","pSymA"
"1755",0.15286,367935.5,"omega","pSymA"
"1756",0.03075,369305,"omega","pSymA"
"1757",0.20968,300103.5,"omega","pSymA"
"1758",0.13014,370253.5,"omega","pSymA"
"1759",0.0556,371104,"omega","pSymA"
"1760",0.07242,372072,"omega","pSymA"
"1761",0.02551,373439,"omega","pSymA"
"1762",0,374191,"omega","pSymA"
"1763",1.21288,374623,"omega","pSymA"
"1764",0.26883,375237,"omega","pSymA"
"1765",0.63307,375642,"omega","pSymA"
"1766",0.54109,376237.5,"omega","pSymA"
"1767",0.3486,377265,"omega","pSymA"
"1768",0.01354,378252,"omega","pSymA"
"1769",0.34137,300931.5,"omega","pSymA"
"1770",0.0829,379599.5,"omega","pSymA"
"1771",0.07639,380144,"omega","pSymA"
"1772",0.53859,381840,"omega","pSymA"
"1773",1.64658,382333.5,"omega","pSymA"
"1774",0.32991,383190,"omega","pSymA"
"1775",0,383925.5,"omega","pSymA"
"1776",0.16986,385062.5,"omega","pSymA"
"1777",0.12667,386444.5,"omega","pSymA"
"1778",0.05562,387568.5,"omega","pSymA"
"1779",0.39904,388193.5,"omega","pSymA"
"1780",0.15785,389380,"omega","pSymA"
"1781",0.08193,389811,"omega","pSymA"
"1782",0.08438,301708.5,"omega","pSymA"
"1783",0.08027,390725,"omega","pSymA"
"1784",0.0501,391667.5,"omega","pSymA"
"1785",0.03819,392614.5,"omega","pSymA"
"1786",0.20013,393812,"omega","pSymA"
"1787",0,395115,"omega","pSymA"
"1788",0.08735,396517.5,"omega","pSymA"
"1789",0.14682,397505,"omega","pSymA"
"1790",0.46824,399304,"omega","pSymA"
"1791",0.15624,400413,"omega","pSymA"
"1792",0.63184,401242,"omega","pSymA"
"1793",0.11797,85394.5,"omega","pSymA"
"1794",0.20628,82547,"omega","pSymA"
"1795",0.182,59879,"omega","pSymA"
"1796",0.28252,57656.5,"omega","pSymA"
"1797",0.38363,57332.5,"omega","pSymA"
"1798",0.10514,55619.5,"omega","pSymA"
"1799",0.02119,54047.5,"omega","pSymA"
"1800",0.04093,53268,"omega","pSymA"
"1801",0.12812,52015,"omega","pSymA"
"1802",0.1279,50671,"omega","pSymA"
"1803",0.23334,49928.5,"omega","pSymA"
"1804",0.06545,48620,"omega","pSymA"
"1805",0.11249,46732.5,"omega","pSymA"
"1806",0.07422,30385.5,"omega","pSymA"
"1807",0.04473,29934,"omega","pSymA"
"1808",0,29817,"omega","pSymA"
"1809",0.11085,77597,"omega","pSymA"
"1810",0.12166,29355,"omega","pSymA"
"1811",0.35006,28154.5,"omega","pSymA"
"1812",0.3456,27640,"omega","pSymA"
"1813",0.07881,26613.5,"omega","pSymA"
"1814",0.07792,25818,"omega","pSymA"
"1815",0.05556,24242,"omega","pSymA"
"1816",0.26778,22389.5,"omega","pSymA"
"1817",0.04515,19972.5,"omega","pSymA"
"1818",0.04542,19624.5,"omega","pSymA"
"1819",0.00767,17744,"omega","pSymA"
"1820",0.18586,16515,"omega","pSymA"
"1821",0.33806,76794,"omega","pSymA"
"1822",0.11187,15067,"omega","pSymA"
"1823",0.09396,13783.5,"omega","pSymA"
"1824",0.02605,12790,"omega","pSymA"
"1825",0.04473,11650,"omega","pSymA"
"1826",0.52829,10585.5,"omega","pSymA"
"1827",0.18054,8394.5,"omega","pSymA"
"1828",0.05723,6627.5,"omega","pSymA"
"1829",0.19129,4813,"omega","pSymA"
"1830",0.15079,4100,"omega","pSymA"
"1831",999,3282,"omega","pSymA"
"1832",0.31942,2500.5,"omega","pSymA"
"1833",0,1711.5,"omega","pSymA"
"1834",0.2673,76040,"omega","pSymA"
"1835",0.42678,1258,"omega","pSymA"
"1836",0.11519,513,"omega","pSymA"
"1837",0.25454,602.5,"omega","pSymA"
"1838",0.00908,2934.5,"omega","pSymA"
"1839",0.15976,74966,"omega","pSymA"
"1840",0.22579,73144,"omega","pSymA"
"1841",0.09666,69707,"omega","pSymA"
"1842",0.27438,67386,"omega","pSymA"
"1843",0.12117,65990.5,"omega","pSymA"
"1844",0,541695,"omega","pSymA"
"1845",0,542094.5,"omega","pSymA"
"1846",0.12341,544682.5,"omega","pSymA"
"1847",0.07639,776137,"omega","pSymA"
"1848",0.24191,778886.5,"omega","pSymA"
"1849",0.1872,792575.5,"omega","pSymA"
"1850",0.15614,797360.5,"omega","pSymA"
"1851",1.70702,798436.5,"omega","pSymA"
"1852",0.30393,798695.5,"omega","pSymA"
"1853",0.06303,804472.5,"omega","pSymA"
"1854",0.33765,805512,"omega","pSymA"
"1855",0.49853,780785.5,"omega","pSymA"
"1856",0.28137,782474.5,"omega","pSymA"
"1857",0.14597,784919.5,"omega","pSymA"
"1858",0.31345,786127.5,"omega","pSymA"
"1859",0.13866,787036,"omega","pSymA"
"1860",0.24651,788890,"omega","pSymA"
"1861",0.7843,790082,"omega","pSymA"
"1862",0.39567,790527.5,"omega","pSymA"
"1863",0.16422,791282.5,"omega","pSymA"
"1864",0.05347,640138,"omega","pSymA"
"1865",0.07627,657677.5,"omega","pSymA"
"1866",0.2381,807482.5,"omega","pSymA"
"1867",0.16541,808683.5,"omega","pSymA"
"1868",0,808989.5,"omega","pSymA"
"1869",0.12335,823499,"omega","pSymA"
"1870",1.77105,823542.5,"omega","pSymA"
"1871",999,823649,"omega","pSymA"
"1872",6.5681,823320.5,"omega","pSymA"
"1873",0.00909,823431.5,"omega","pSymA"
"1874",0.61983,823463,"omega","pSymA"
"1875",0.04654,810606.5,"omega","pSymA"
"1876",0.38639,811643.5,"omega","pSymA"
"1877",0.58893,812000.5,"omega","pSymA"
"1878",0.25322,813196.5,"omega","pSymA"
"1879",0.2021,813931.5,"omega","pSymA"
"1880",0.54913,813988.5,"omega","pSymA"
"1881",0.0071,814132.5,"omega","pSymA"
"1882",0.2183,814153.5,"omega","pSymA"
"1883",1.20327,813261,"omega","pSymA"
"1884",0.03977,813403.5,"omega","pSymA"
"1885",5.41454,813502.5,"omega","pSymA"
"1886",0.30592,813562.5,"omega","pSymA"
"1887",0.23506,813628.5,"omega","pSymA"
"1888",0.06589,813804,"omega","pSymA"
"1889",0.00424,813862.5,"omega","pSymA"
"1890",0.21416,813879,"omega","pSymA"
"1891",0.01499,814231.5,"omega","pSymA"
"1892",0.46325,814647,"omega","pSymA"
"1893",0.03406,814669.5,"omega","pSymA"
"1894",0.28417,814749,"omega","pSymA"
"1895",0.0853,814846.5,"omega","pSymA"
"1896",0.04222,814899,"omega","pSymA"
"1897",46.97484,814942.5,"omega","pSymA"
"1898",0.03058,814255.5,"omega","pSymA"
"1899",0.00586,814306.5,"omega","pSymA"
"1900",0.07717,814329,"omega","pSymA"
"1901",0.00524,814354.5,"omega","pSymA"
"1902",0.5962,814405.5,"omega","pSymA"
"1903",0.02557,814489.5,"omega","pSymA"
"1904",0.03483,814563,"omega","pSymA"
"1905",0.00904,814606.5,"omega","pSymA"
"1906",0.06336,815075.5,"omega","pSymA"
"1907",0.76574,815632,"omega","pSymA"
"1908",0.03247,815653,"omega","pSymA"
"1909",1.91027,815695,"omega","pSymA"
"1910",0.11642,815800,"omega","pSymA"
"1911",999,815816.5,"omega","pSymA"
"1912",0.00435,815828.5,"omega","pSymA"
"1913",40.05032,815939.5,"omega","pSymA"
"1914",3.25909,815168.5,"omega","pSymA"
"1915",0.06827,815194,"omega","pSymA"
"1916",0.00892,815267.5,"omega","pSymA"
"1917",0.12351,815333.5,"omega","pSymA"
"1918",0.02593,815374,"omega","pSymA"
"1919",0.02128,815510.5,"omega","pSymA"
"1920",1.52946,815584,"omega","pSymA"
"1921",46.03897,816018,"omega","pSymA"
"1922",0.33498,816574.5,"omega","pSymA"
"1923",96.62151,816598.5,"omega","pSymA"
"1924",1.63927,816744,"omega","pSymA"
"1925",0.03591,816880.5,"omega","pSymA"
"1926",0.12402,816108,"omega","pSymA"
"1927",2.92389,816141,"omega","pSymA"
"1928",0.33774,816169.5,"omega","pSymA"
"1929",1.60514,816279,"omega","pSymA"
"1930",0.01124,816361.5,"omega","pSymA"
"1931",0.28549,816442.5,"omega","pSymA"
"1932",0.01304,816507,"omega","pSymA"
"1933",1.46441,816544.5,"omega","pSymA"
"1934",1.27827,829986,"omega","pSymA"
"1935",0.10642,831266.5,"omega","pSymA"
"1936",999,833803.5,"omega","pSymA"
"1937",1.58853,833833.5,"omega","pSymA"
"1938",0.39876,833970,"omega","pSymA"
"1939",0.23649,833997,"omega","pSymA"
"1940",0.45333,834024,"omega","pSymA"
"1941",999,853358,"omega","pSymA"
"1942",0,853398.5,"omega","pSymA"
"1943",999,854321,"omega","pSymA"
"1944",0.12661,854564,"omega","pSymA"
"1945",0.33571,854630,"omega","pSymA"
"1946",0.2309,854880.5,"omega","pSymA"
"1947",0.0001,855267.5,"omega","pSymA"
"1948",999,856190.5,"omega","pSymA"
"1949",0.00986,856394.5,"omega","pSymA"
"1950",0.1794,946031.5,"omega","pSymA"
"1951",0.24821,562086.5,"omega","pSymA"
"1952",0,561219,"omega","pSymA"
"1953",0.11961,559964,"omega","pSymA"
"1954",0.04606,558676.5,"omega","pSymA"
"1955",0.07019,557751,"omega","pSymA"
"1956",0.40966,556462,"omega","pSymA"
"1957",0.08186,555180.5,"omega","pSymA"
"1958",0,554291,"omega","pSymA"
"1959",0,553215,"omega","pSymA"
"1960",0.09692,551951.5,"omega","pSymA"
"1961",0.21313,947221.5,"omega","pSymA"
"1962",2.69114,948345,"omega","pSymA"
"1963",0.00099,948367.5,"omega","pSymA"
"1964",0.184,550211,"omega","pSymA"
"1965",0.12805,549207.5,"omega","pSymA"
"1966",0.14213,548224,"omega","pSymA"
"1967",0.87727,546964.5,"omega","pSymA"
"1968",0.59919,546166,"omega","pSymA"
"1969",0.20464,545099,"omega","pSymA"
"1970",0.07258,543968,"omega","pSymA"
"1971",0.11119,543124.5,"omega","pSymA"
"1972",0.15534,542189.5,"omega","pSymA"
"1973",0.23562,948612.5,"omega","pSymA"
"1974",0,948860,"omega","pSymA"
"1975",0,948872,"omega","pSymA"
"1976",0,541301,"omega","pSymA"
"1977",0.6109,540483.5,"omega","pSymA"
"1978",0.12832,539488.5,"omega","pSymA"
"1979",0.18151,538268,"omega","pSymA"
"1980",0.06124,536978.5,"omega","pSymA"
"1981",0.03419,535542.5,"omega","pSymA"
"1982",0.08962,533653,"omega","pSymA"
"1983",0.25453,532210,"omega","pSymA"
"1984",1.18742,530993,"omega","pSymA"
"1985",0.62746,530336,"omega","pSymA"
"1986",0.0832,949666,"omega","pSymA"
"1987",0.14019,529030.5,"omega","pSymA"
"1988",0.2026,527671,"omega","pSymA"
"1989",0.07132,526826.5,"omega","pSymA"
"1990",0.11551,524853,"omega","pSymA"
"1991",0.32141,523771.5,"omega","pSymA"
"1992",0.15022,522554,"omega","pSymA"
"1993",0.03195,521193.5,"omega","pSymA"
"1994",0.21775,520268,"omega","pSymA"
"1995",0.11969,519218,"omega","pSymA"
"1996",0.19597,518232,"omega","pSymA"
"1997",0.07793,951101.5,"omega","pSymA"
"1998",0,951541,"omega","pSymA"
"1999",0.0467,516853.5,"omega","pSymA"
"2000",0.0414,515529.5,"omega","pSymA"
"2001",0.05059,514555.5,"omega","pSymA"
"2002",0,513955.5,"omega","pSymA"
"2003",0.07429,513013,"omega","pSymA"
"2004",0.0627,512200,"omega","pSymA"
"2005",0.1024,511620,"omega","pSymA"
"2006",0.35556,510459,"omega","pSymA"
"2007",0.0316,509178,"omega","pSymA"
"2008",0.11475,508088.5,"omega","pSymA"
"2009",0,507199,"omega","pSymA"
"2010",0,951628,"omega","pSymA"
"2011",0.02928,506320,"omega","pSymA"
"2012",0,505425,"omega","pSymA"
"2013",0,504904,"omega","pSymA"
"2014",0,504470,"omega","pSymA"
"2015",0.07515,503362.5,"omega","pSymA"
"2016",0.10992,501902.5,"omega","pSymA"
"2017",0.18646,500299,"omega","pSymA"
"2018",0.05604,498406,"omega","pSymA"
"2019",0,497539.5,"omega","pSymA"
"2020",0.05788,952082.5,"omega","pSymA"
"2021",0.03608,497135.5,"omega","pSymA"
"2022",0.05523,496256.5,"omega","pSymA"
"2023",0.10639,494171.5,"omega","pSymA"
"2024",0.06438,492031.5,"omega","pSymA"
"2025",0.59578,490858.5,"omega","pSymA"
"2026",0.21767,489875.5,"omega","pSymA"
"2027",0.30194,488707.5,"omega","pSymA"
"2028",0.34521,486834.5,"omega","pSymA"
"2029",0.18229,485237,"omega","pSymA"
"2030",0.12915,484167.5,"omega","pSymA"
"2031",0.05202,953271.5,"omega","pSymA"
"2032",0.096,483174.5,"omega","pSymA"
"2033",0.07641,481930,"omega","pSymA"
"2034",0,481023,"omega","pSymA"
"2035",0.1131,480383.5,"omega","pSymA"
"2036",0.1119,479330,"omega","pSymA"
"2037",0,478454,"omega","pSymA"
"2038",0.7368,478008.5,"omega","pSymA"
"2039",0.32902,477314,"omega","pSymA"
"2040",0.31702,476150.5,"omega","pSymA"
"2041",0.83322,475134,"omega","pSymA"
"2042",0.07835,474137.5,"omega","pSymA"
"2043",0.54919,954623.5,"omega","pSymA"
"2044",0.18932,472350.5,"omega","pSymA"
"2045",0.33421,469914.5,"omega","pSymA"
"2046",0.34258,468951,"omega","pSymA"
"2047",0.16607,468223.5,"omega","pSymA"
"2048",0.26815,464154,"omega","pSymA"
"2049",0,458716,"omega","pSymA"
"2050",0.0779,457353.5,"omega","pSymA"
"2051",0.37545,455691.5,"omega","pSymA"
"2052",0.30829,444560.5,"omega","pSymA"
"2053",0.46482,955249.5,"omega","pSymA"
"2054",0,441539.5,"omega","pSymA"
"2055",0,439649.5,"omega","pSymA"
"2056",0,436138.5,"omega","pSymA"
"2057",0.82007,435330,"omega","pSymA"
"2058",0.30194,433893,"omega","pSymA"
"2059",0,432126,"omega","pSymA"
"2060",0.40497,431120.5,"omega","pSymA"
"2061",0.65623,430174.5,"omega","pSymA"
"2062",0.10937,429254.5,"omega","pSymA"
"2063",0.19675,427990.5,"omega","pSymA"
"2064",1.16883,426543.5,"omega","pSymA"
"2065",0.2793,425785.5,"omega","pSymA"
"2066",0.34098,425034,"omega","pSymA"
"2067",0.13799,422838,"omega","pSymA"
"2068",0.06238,676924.5,"omega","pSymA"
"2069",0.16254,675848,"omega","pSymA"
"2070",0.01331,673630.5,"omega","pSymA"
"2071",0.05091,673075.5,"omega","pSymA"
"2072",0.01514,671548,"omega","pSymA"
"2073",0.35097,670158,"omega","pSymA"
"2074",0.3927,669791,"omega","pSymA"
"2075",0.05803,669442,"omega","pSymA"
"2076",0.23988,640641.5,"omega","pSymA"
"2077",999,929140,"omega","pSymA"
"2078",0.39012,929326,"omega","pSymA"
"2079",27.83533,929587,"omega","pSymA"
"2080",0.41269,639688,"omega","pSymA"
"2081",0.1503,638268.5,"omega","pSymA"
"2082",0.314,637177,"omega","pSymA"
"2083",0.19962,636155.5,"omega","pSymA"
"2084",0.10035,635390,"omega","pSymA"
"2085",0.99654,634897,"omega","pSymA"
"2086",0.08092,634269.5,"omega","pSymA"
"2087",0.21726,633217,"omega","pSymA"
"2088",0.08868,631682,"omega","pSymA"
"2089",0.37735,630313,"omega","pSymA"
"2090",0.22468,630004.5,"omega","pSymA"
"2091",0,629804.5,"omega","pSymA"
"2092",0.26816,629465.5,"omega","pSymA"
"2093",0.20065,628381,"omega","pSymA"
"2094",0,627287.5,"omega","pSymA"
"2095",0.54345,626490,"omega","pSymA"
"2096",0.39972,624778.5,"omega","pSymA"
"2097",0.2098,622885.5,"omega","pSymA"
"2098",0.16579,622053.5,"omega","pSymA"
"2099",0.16223,621396,"omega","pSymA"
"2100",0.18189,620365,"omega","pSymA"
"2101",0,939488.5,"omega","pSymA"
"2102",0.15793,619340.5,"omega","pSymA"
"2103",0.02713,618010.5,"omega","pSymA"
"2104",0.07707,616761.5,"omega","pSymA"
"2105",0.02384,615830.5,"omega","pSymA"
"2106",0.11876,614595,"omega","pSymA"
"2107",0.22613,613502.5,"omega","pSymA"
"2108",0.1938,612370,"omega","pSymA"
"2109",0.06551,611511,"omega","pSymA"
"2110",0.09598,610577.5,"omega","pSymA"
"2111",0.12783,609500.5,"omega","pSymA"
"2112",0.60601,941218,"omega","pSymA"
"2113",0.05435,608317.5,"omega","pSymA"
"2114",0.46757,607124,"omega","pSymA"
"2115",0.81441,604901,"omega","pSymA"
"2116",0.32528,604302,"omega","pSymA"
"2117",0.33059,603105,"omega","pSymA"
"2118",0.71608,601858,"omega","pSymA"
"2119",0.15174,600643,"omega","pSymA"
"2120",0.44993,599046.5,"omega","pSymA"
"2121",0,597693,"omega","pSymA"
"2122",0.10967,596837.5,"omega","pSymA"
"2123",0.36275,942931,"omega","pSymA"
"2124",0.02188,595856,"omega","pSymA"
"2125",0.27599,594885,"omega","pSymA"
"2126",0.08012,593945.5,"omega","pSymA"
"2127",0.05674,592666,"omega","pSymA"
"2128",0.20603,591189.5,"omega","pSymA"
"2129",0.1937,589568,"omega","pSymA"
"2130",0.25118,588062.5,"omega","pSymA"
"2131",0.05366,586642,"omega","pSymA"
"2132",0.47458,585332.5,"omega","pSymA"
"2133",0.1648,944078,"omega","pSymA"
"2134",0.11654,584408.5,"omega","pSymA"
"2135",0.18659,583346,"omega","pSymA"
"2136",0,582632.5,"omega","pSymA"
"2137",0.5215,581628,"omega","pSymA"
"2138",0.17347,580658.5,"omega","pSymA"
"2139",0,579695,"omega","pSymA"
"2140",0.05873,578459,"omega","pSymA"
"2141",0.42809,577206.5,"omega","pSymA"
"2142",0.10393,945507,"omega","pSymA"
"2143",0,573690.5,"omega","pSymA"
"2144",0.30799,571584,"omega","pSymA"
"2145",0.16273,570035.5,"omega","pSymA"
"2146",0.12365,568613.5,"omega","pSymA"
"2147",0,567611.5,"omega","pSymA"
"2148",0,566377.5,"omega","pSymA"
"2149",0,565128.5,"omega","pSymA"
"2150",0.10894,564015,"omega","pSymA"
"2151",0.09013,562873.5,"omega","pSymA"
"2152",0.06812,420545,"omega","pSymA"
"2153",0.2978,418392,"omega","pSymA"
"2154",0,408192,"omega","pSymA"
"2155",0.19149,403624.5,"omega","pSymA"
"2156",0.14435,402201.5,"omega","pSymA"
"2157",2.50396,400077.5,"omega","pSymA"
"2158",0,398224,"omega","pSymA"
"2159",0.26085,396732.5,"omega","pSymA"
"2160",0,393967.5,"omega","pSymA"
"2161",0,392633.5,"omega","pSymA"
"2162",0,391845.5,"omega","pSymA"
"2163",0.03538,417235.5,"omega","pSymA"
"2164",0.45831,390936.5,"omega","pSymA"
"2165",0,387994,"omega","pSymA"
"2166",1.17041,385982.5,"omega","pSymA"
"2167",0.31705,383702.5,"omega","pSymA"
"2168",0,382036,"omega","pSymA"
"2169",0.17387,380387,"omega","pSymA"
"2170",0,377639,"omega","pSymA"
"2171",0.10902,415992.5,"omega","pSymA"
"2172",0,376728.5,"omega","pSymA"
"2173",0.36902,375781.5,"omega","pSymA"
"2174",0.14395,374930,"omega","pSymA"
"2175",0.40524,373795.5,"omega","pSymA"
"2176",1.1294,372378.5,"omega","pSymA"
"2177",0.53474,371435.5,"omega","pSymA"
"2178",0.95144,369193,"omega","pSymA"
"2179",0.3311,368176.5,"omega","pSymA"
"2180",0,365473,"omega","pSymA"
"2181",0.15845,364515.5,"omega","pSymA"
"2182",0.05144,414148.5,"omega","pSymA"
"2183",0.23943,362539,"omega","pSymA"
"2184",0.10273,361491.5,"omega","pSymA"
"2185",0.29249,359650,"omega","pSymA"
"2186",0.20108,358091.5,"omega","pSymA"
"2187",0.3069,356399.5,"omega","pSymA"
"2188",0.31918,354936,"omega","pSymA"
"2189",0.33192,353955,"omega","pSymA"
"2190",0.20139,352859.5,"omega","pSymA"
"2191",0.08313,351662,"omega","pSymA"
"2192",0.08093,412792.5,"omega","pSymA"
"2193",0.18999,349787.5,"omega","pSymA"
"2194",0.24543,348737.5,"omega","pSymA"
"2195",0.06642,347552,"omega","pSymA"
"2196",0.13772,346272.5,"omega","pSymA"
"2197",0,345876.5,"omega","pSymA"
"2198",0,344885,"omega","pSymA"
"2199",0,344324.5,"omega","pSymA"
"2200",0,340492,"omega","pSymA"
"2201",0.30457,339700.5,"omega","pSymA"
"2202",0.18354,338701.5,"omega","pSymA"
"2203",0.13865,411352,"omega","pSymA"
"2204",0,332850,"omega","pSymA"
"2205",0.06634,329521.5,"omega","pSymA"
"2206",0.37582,323518,"omega","pSymA"
"2207",0.22288,321228,"omega","pSymA"
"2208",0.51885,318969,"omega","pSymA"
"2209",0,317819.5,"omega","pSymA"
"2210",0.21105,317277,"omega","pSymA"
"2211",0,316267.5,"omega","pSymA"
"2212",0.16112,315142,"omega","pSymA"
"2213",0.93072,314092,"omega","pSymA"
"2214",1.05997,410371.5,"omega","pSymA"
"2215",0.31858,409458,"omega","pSymA"
"2216",0.35481,309763,"omega","pSymA"
"2217",0.55932,308473,"omega","pSymA"
"2218",0.17582,296777,"omega","pSymA"
"2219",0.05564,294261,"omega","pSymA"
"2220",0.04143,292880,"omega","pSymA"
"2221",0.04616,291984,"omega","pSymA"
"2222",0.13766,290725,"omega","pSymA"
"2223",0,289552,"omega","pSymA"
"2224",0.09807,288415.5,"omega","pSymA"
"2225",0.20337,283974.5,"omega","pSymA"
"2226",1.55748,283916,"omega","pSymA"
"2227",0.08628,283880,"omega","pSymA"
"2228",1.0158,283791.5,"omega","pSymA"
"2229",0.34272,283481,"omega","pSymA"
"2230",20.28766,283431.5,"omega","pSymA"
"2231",1.20688,283404.5,"omega","pSymA"
"2232",0.11553,283331,"omega","pSymA"
"2233",0.3945,283286,"omega","pSymA"
"2234",5.52032,283242.5,"omega","pSymA"
"2235",14.33228,283175,"omega","pSymA"
"2236",0.02938,283142,"omega","pSymA"
"2237",0.0001,283101.5,"omega","pSymA"
"2238",6.94745,283029.5,"omega","pSymA"
"2239",0.79381,282975.5,"omega","pSymA"
"2240",1.1377,282929,"omega","pSymA"
"2241",0.0001,284276,"omega","pSymA"
"2242",2.19451,284148.5,"omega","pSymA"
"2243",0.04996,307137,"omega","pSymA"
"2244",0.12672,306101.5,"omega","pSymA"
"2245",0.04319,305373.5,"omega","pSymA"
"2246",0.27555,304132.5,"omega","pSymA"
"2247",0.29823,302869.5,"omega","pSymA"
"2248",0.08697,299956.5,"omega","pSymA"
"2249",0.14185,298967,"omega","pSymA"
"2250",0.26769,297898,"omega","pSymA"
"2251",114.39908,280759.5,"omega","pSymA"
"2252",0.2371,280474.5,"omega","pSymA"
"2253",999,280054.5,"omega","pSymA"
"2254",12.59174,279403.5,"omega","pSymA"
"2255",4.96702,279348,"omega","pSymA"
"2256",0.0112,279312,"omega","pSymA"
"2257",0.23356,279250.5,"omega","pSymA"
"2258",0.00665,279198,"omega","pSymA"
"2259",999,279174,"omega","pSymA"
"2260",0.17782,279084,"omega","pSymA"
"2261",999,278862,"omega","pSymA"
"2262",3.4868,278820,"omega","pSymA"
"2263",0.12739,278739,"omega","pSymA"
"2264",999,280033.5,"omega","pSymA"
"2265",999,278665.5,"omega","pSymA"
"2266",0.14923,278598,"omega","pSymA"
"2267",0.56141,278470.5,"omega","pSymA"
"2268",0.02375,278439,"omega","pSymA"
"2269",0.17687,278340,"omega","pSymA"
"2270",12.27158,278274,"omega","pSymA"
"2271",0.37323,278050.5,"omega","pSymA"
"2272",0.60044,278004,"omega","pSymA"
"2273",0.01071,277951.5,"omega","pSymA"
"2274",0.82009,277818,"omega","pSymA"
"2275",8.27523,280006.5,"omega","pSymA"
"2276",999,277528.5,"omega","pSymA"
"2277",4.92418,277428,"omega","pSymA"
"2278",9.96629,277092,"omega","pSymA"
"2279",0.00282,277071,"omega","pSymA"
"2280",0.96724,277021.5,"omega","pSymA"
"2281",4.12809,276966,"omega","pSymA"
"2282",1.61249,279945,"omega","pSymA"
"2283",999,279879,"omega","pSymA"
"2284",0.01723,279609,"omega","pSymA"
"2285",999,279568.5,"omega","pSymA"
"2286",0.85873,279520.5,"omega","pSymA"
"2287",25.55022,279499.5,"omega","pSymA"
"2288",8.67097,276937,"omega","pSymA"
"2289",0.03459,276916,"omega","pSymA"
"2290",1.17303,276655,"omega","pSymA"
"2291",0,274862,"omega","pSymA"
"2292",0.48047,274671.5,"omega","pSymA"
"2293",0.16555,261387.5,"omega","pSymA"
"2294",0.17408,259682,"omega","pSymA"
"2295",0.46022,257584.5,"omega","pSymA"
"2296",0,257404,"omega","pSymA"
"2297",0,257291.5,"omega","pSymA"
"2298",0.95337,256290,"omega","pSymA"
"2299",1.4759,254649.5,"omega","pSymA"
"2300",0.29768,253475,"omega","pSymA"
"2301",0.16723,252134.5,"omega","pSymA"
"2302",0.18188,250103,"omega","pSymA"
"2303",0.35643,249162,"omega","pSymA"
"2304",0.1213,273668.5,"omega","pSymA"
"2305",0.43275,246061.5,"omega","pSymA"
"2306",1.28868,245488.5,"omega","pSymA"
"2307",0.20716,243828,"omega","pSymA"
"2308",0.24855,238219,"omega","pSymA"
"2309",0.39704,237238,"omega","pSymA"
"2310",0.2294,235875,"omega","pSymA"
"2311",0.17933,234929.5,"omega","pSymA"
"2312",0.27331,232850.5,"omega","pSymA"
"2313",0.12312,272899.5,"omega","pSymA"
"2314",0.09501,272424,"omega","pSymA"
"2315",0.63638,269495,"omega","pSymA"
"2316",0.28374,268698.5,"omega","pSymA"
"2317",0.14403,265769,"omega","pSymA"
"2318",0.51195,264007,"omega","pSymA"
"2319",0.08867,262599.5,"omega","pSymA"
"2320",0.29657,751895.5,"omega","pSymA"
"2321",0,753090.5,"omega","pSymA"
"2322",0.23218,764571,"omega","pSymA"
"2323",0.08275,765592,"omega","pSymA"
"2324",0.42262,767739,"omega","pSymA"
"2325",0.34781,768718.5,"omega","pSymA"
"2326",0.55989,770578.5,"omega","pSymA"
"2327",0.09765,772732.5,"omega","pSymA"
"2328",0.04732,774255,"omega","pSymA"
"2329",0.72282,753828.5,"omega","pSymA"
"2330",0.78141,755302.5,"omega","pSymA"
"2331",0.07421,756531,"omega","pSymA"
"2332",0.05142,757926.5,"omega","pSymA"
"2333",0.36458,760855,"omega","pSymA"
"2334",0.25013,761756.5,"omega","pSymA"
"2335",0.22973,762968,"omega","pSymA"
"2336",0.13319,763946.5,"omega","pSymA"
"2337",0,727009,"omega","pSymA"
"2338",0,727397,"omega","pSymA"
"2339",0.07829,740231.5,"omega","pSymA"
"2340",0.23588,741619.5,"omega","pSymA"
"2341",0.26818,742332,"omega","pSymA"
"2342",2.68793,743226,"omega","pSymA"
"2343",0,745652.5,"omega","pSymA"
"2344",0.25748,746543.5,"omega","pSymA"
"2345",0.14031,750227,"omega","pSymA"
"2346",0.17019,728261,"omega","pSymA"
"2347",0.40231,730026.5,"omega","pSymA"
"2348",0.42119,731207,"omega","pSymA"
"2349",0.09277,732021.5,"omega","pSymA"
"2350",0.48812,733217.5,"omega","pSymA"
"2351",0,733817,"omega","pSymA"
"2352",0.09657,734241.5,"omega","pSymA"
"2353",0,737321.5,"omega","pSymA"
"2354",0.1189,738619,"omega","pSymA"
"2355",0.09317,695723.5,"omega","pSymA"
"2356",0.3591,695893,"omega","pSymA"
"2357",0.18569,696426.5,"omega","pSymA"
"2358",0.11364,714219,"omega","pSymA"
"2359",0.29414,714900,"omega","pSymA"
"2360",0.21779,715836.5,"omega","pSymA"
"2361",0.0355,716824,"omega","pSymA"
"2362",0.03653,718078.5,"omega","pSymA"
"2363",0.18912,718979,"omega","pSymA"
"2364",0.06593,719685,"omega","pSymA"
"2365",0.22653,720720.5,"omega","pSymA"
"2366",0.18815,721557,"omega","pSymA"
"2367",0.09933,722499.5,"omega","pSymA"
"2368",0.04001,698318.5,"omega","pSymA"
"2369",0.17744,723854,"omega","pSymA"
"2370",0.61984,725177.5,"omega","pSymA"
"2371",0.7214,725830.5,"omega","pSymA"
"2372",0.68474,726150,"omega","pSymA"
"2373",0.03443,699502.5,"omega","pSymA"
"2374",0.06964,699956,"omega","pSymA"
"2375",0.13276,700467.5,"omega","pSymA"
"2376",0.26562,701939.5,"omega","pSymA"
"2377",0.1902,703330,"omega","pSymA"
"2378",0.26979,704870.5,"omega","pSymA"
"2379",0.11235,713107.5,"omega","pSymA"
"2380",0.19216,693036,"omega","pSymA"
"2381",8.66397,688047.5,"omega","pSymA"
"2382",0.56904,688679,"omega","pSymA"
"2383",1.4303,688728.5,"omega","pSymA"
"2384",0.01147,688178,"omega","pSymA"
"2385",999,688203.5,"omega","pSymA"
"2386",0.71465,688259,"omega","pSymA"
"2387",0.48621,688350.5,"omega","pSymA"
"2388",0.20979,688389.5,"omega","pSymA"
"2389",999,688500.5,"omega","pSymA"
"2390",999,688544,"omega","pSymA"
"2391",0.02194,688581.5,"omega","pSymA"
"2392",0.32333,689119.5,"omega","pSymA"
"2393",999,689145,"omega","pSymA"
"2394",0.11945,690326.5,"omega","pSymA"
"2395",4.72899,690494.5,"omega","pSymA"
"2396",2.1596,690517,"omega","pSymA"
"2397",4.40145,690602.5,"omega","pSymA"
"2398",1.38479,690131.5,"omega","pSymA"
"2399",3.29718,690149.5,"omega","pSymA"
"2400",0.69616,690200.5,"omega","pSymA"
"2401",0.06339,678589.5,"omega","pSymA"
"2402",1.26139,678609,"omega","pSymA"
"2403",8.87113,678658.5,"omega","pSymA"
"2404",999,678688.5,"omega","pSymA"
"2405",0.01328,683180.5,"omega","pSymA"
"2406",0.54644,684223,"omega","pSymA"
"2407",0.43276,588040.5,"omega","pSymA"
"2408",0.30357,588803.5,"omega","pSymA"
"2409",0.93459,479293,"omega","pSymA"
"2410",0.39269,455811.5,"omega","pSymA"
"2411",0,456861.5,"omega","pSymA"
"2412",1.01812,464971.5,"omega","pSymA"
"2413",0,466390,"omega","pSymA"
"2414",0.53109,466612.5,"omega","pSymA"
"2415",0.19713,467275.5,"omega","pSymA"
"2416",0.75666,468552.5,"omega","pSymA"
"2417",0.41905,469315,"omega","pSymA"
"2418",0.40564,470472,"omega","pSymA"
"2419",0.57565,473601,"omega","pSymA"
"2420",0.20032,474609,"omega","pSymA"
"2421",0,475440,"omega","pSymA"
"2422",0,476731.5,"omega","pSymA"
"2423",0,477011,"omega","pSymA"
"2424",0.12766,458925.5,"omega","pSymA"
"2425",0,462088,"omega","pSymA"
"2426",0.17014,462812.5,"omega","pSymA"
"2427",0.7864,463519,"omega","pSymA"
"2428",NA,300000,"dS","pSymA"
"2429",NA,600000,"dS","pSymA"
"2430",NA,900000,"dS","pSymA"
"2431",NA,300000,"dN","pSymA"
"2432",NA,600000,"dN","pSymA"
"2433",NA,900000,"dN","pSymA"
"2434",NA,300000,"omega","pSymA"
"2435",NA,600000,"omega","pSymA"
"2436",NA,900000,"omega","pSymA"
